id;data_inversa;dia_semana;horario;uf;br;km;municipio;causa_acidente;tipo_acidente;classificacao_acidente;fase_dia;sentido_via;condicao_metereologica;tipo_pista;tracado_via;uso_solo;ano;pessoas;mortos;feridos_leves;feridos_graves;ilesos;ignorados;feridos;veiculos
174676;11/01/2007;Segunda;18:30:00;GO;60;126.5;TEREZOPOLIS DE GOIAS;Velocidade incompatvel;Sada de Pista;Ignorado;Pleno dia;Crescente;Nublado;Dupla;Curva;Rural;2007;1;1;1;1;1;1;1;1
174678;13/01/2007;Quarta;17:30:00;RS;116;243;SAO LEOPOLDO;Falta de ateno;Coliso lateral;Sem Vtimas;Pleno dia;Crescente;Nublado;Dupla;Reta;Urbano;2007;2;1;1;1;2;1;1;2
174679;13/01/2007;Quarta;17:45:00;SC;101;209.7;SAO JOSE;Falta de ateno;Coliso lateral;Sem Vtimas;Amanhecer;Crescente;Chuva;Dupla;Reta;Urbano;2007;2;1;1;1;2;1;1;2
174682;12/01/2007;Tera;17:30:00;MG;381;235.5;SANTANA DO PARAISO;Falta de ateno;Coliso traseira;Sem Vtimas;Anoitecer;Crescente;Nublado;Simples;Reta;Rural;2007;2;1;1;1;2;1;1;2
174686;12/01/2007;Tera;19:30:00;MG;381;883;CAMBUI;Outras;Coliso com objeto fixo;Sem Vtimas;Pleno dia;Crescente;Chuva;Dupla;Reta;Rural;2007;1;1;1;1;1;1;1;1
174691;13/01/2007;Quarta;10:20:00;DF;20;5;BRASILIA;Outras;Sada de Pista;Com Vtimas Feridas;Plena noite;Crescente;Ceu Claro;Dupla;Reta;Rural;2007;2;1;2;1;1;1;2;1
174692;13/01/2007;Quarta;17:40:00;BA;116;582.9;MILAGRES;Outras;Coliso traseira;Sem Vtimas;Pleno dia;Decrescente;Chuva;Simples;Reta;Urbano;2007;2;1;1;1;2;1;1;2
174695;11/01/2007;Segunda;12:00:00;MT;70;695;CACERES;Outras;Tombamento;Com Vtimas Feridas;Plena noite;Decrescente;Nublado;Simples;Curva;Rural;2007;1;1;1;1;1;1;1;1
174696;11/01/2007;Segunda;16:40:00;SC;101;97.3;PICARRAS;Defeito mecnico em veculo;Queda de motocicleta / bicicleta / veculo;Com Vtimas Feridas;Pleno dia;Decrescente;Ceu Claro;Dupla;Reta;Rural;2007;1;1;1;1;1;1;1;1
174697;11/01/2007;Segunda;15:45:00;GO;60;95;ANAPOLIS;Ingesto de lcool;Coliso traseira;Com Vtimas Feridas;Pleno dia;Decrescente;Chuva;Dupla;Reta;Urbano;2007;3;1;1;1;2;1;1;2
174702;13/01/2007;Quarta;18:00:00;SC;470;17.4;ILHOTA;Falta de ateno;Coliso com objeto fixo;Sem Vtimas;Pleno dia;Decrescente;Chuva;Simples;Reta;Rural;2007;1;1;1;1;1;1;1;1
174706;13/01/2007;Quarta;19:30:00;RJ;116;220.6;PIRAI;Outras;Sada de Pista;Com Vtimas Feridas;Pleno dia;Decrescente;Chuva;Simples;Curva;Rural;2007;1;1;1;1;1;1;1;1
174708;13/01/2007;Quarta;17:00:00;PA;10;17.2;DOM ELISEU;Defeito mecnico em veculo;Coliso traseira;Sem Vtimas;Pleno dia;Crescente;Ceu Claro;Simples;Reta;Urbano;2007;2;1;1;1;2;1;1;2
174709;12/01/2007;Tera;13:30:00;MG;381;883;CAMBUI;Outras;Sada de Pista;Sem Vtimas;Pleno dia;Crescente;Chuva;Dupla;Reta;Rural;2007;1;1;1;1;1;1;1;1
174710;12/01/2007;Tera;14:00:00;RJ;393;278;BARRA DO PIRAI;Falta de ateno;Coliso traseira;Sem Vtimas;Pleno dia;Crescente;Ceu Claro;Simples;Reta;Urbano;2007;2;1;1;1;2;1;1;2
174711;12/01/2007;Tera;15:15:00;MG;381;624.4;SANTO ANTONIO DO AMPARO;Outras;Sada de Pista;Sem Vtimas;Pleno dia;Decrescente;Chuva;Dupla;Curva;Rural;2007;1;1;1;1;1;1;1;1
174715;13/01/2007;Quarta;17:45:00;SC;470;99.6;APIUNA;Falta de ateno;Coliso traseira;Com Vtimas Feridas;Pleno dia;Decrescente;Nublado;Simples;Reta;Urbano;2007;2;1;1;1;1;1;1;2
174719;13/01/2007;Quarta;19:10:00;SP;116;445.1;REGISTRO;Outras;Coliso lateral;Sem Vtimas;Pleno dia;Decrescente;Chuva;Dupla;Reta;Urbano;2007;2;1;1;1;2;1;1;2
174723;11/01/2007;Segunda;19:00:00;SC;101;85.9;BARRA VELHA;Falta de ateno;Coliso traseira;Com Vtimas Feridas;Pleno dia;Decrescente;Ceu Claro;Dupla;Reta;Urbano;2007;2;1;1;1;1;1;1;2
174724;13/01/2007;Quarta;19:00:00;RN;304;39.6;MOSSORO;Falta de ateno;Coliso lateral;Sem Vtimas;Pleno dia;Decrescente;Nublado;Simples;Cruzamento;Urbano;2007;2;1;1;1;2;1;1;2
174725;12/01/2007;Tera;15:00:00;AL;101;18.7;JOAQUIM GOMES;Outras;Coliso lateral;Sem Vtimas;Pleno dia;Crescente;Chuva;Simples;Curva;Rural;2007;2;1;1;1;2;1;1;2
174726;13/01/2007;Quarta;17:45:00;SC;101;362.5;SANGAO;Falta de ateno;Coliso Transversal;Com Vtimas Feridas;Pleno dia;Decrescente;Sol;Simples;Reta;Rural;2007;2;1;1;1;1;1;1;2
174727;13/01/2007;Quarta;18:40:00;PE;232;412.5;SERRA TALHADA;Defeito mecnico em veculo;Coliso lateral;Sem Vtimas;Pleno dia;Decrescente;Ceu Claro;Simples;Reta;Urbano;2007;2;1;1;1;2;1;1;2
174728;13/01/2007;Quarta;18:00:00;PI;316;7;TERESINA;Outras;Coliso Transversal;Sem Vtimas;Pleno dia;Crescente;Ceu Claro;Simples;Reta;Urbano;2007;2;1;1;1;2;1;1;2
174730;13/01/2007;Quarta;14:00:00;MT;163;824;SINOP;Defeito na via;Tombamento;Sem Vtimas;Plena noite;Decrescente;Chuva;Simples;Reta;Urbano;2007;1;1;1;1;1;1;1;1
174733;12/01/2007;Tera;14:00:00;SC;280;25.2;ARAQUARI;Falta de ateno;Coliso traseira;Sem Vtimas;Pleno dia;Crescente;Nublado;Simples;Reta;Rural;2007;5;1;1;1;5;1;1;5
174735;13/01/2007;Quarta;18:30:00;RS;386;30.2;FREDERICO WESTPHALEN;No guardar distncia de segurana;Coliso traseira;Sem Vtimas;Pleno dia;Decrescente;Nublado;Simples;Reta;Rural;2007;3;1;1;1;3;1;1;3
174737;12/01/2007;Tera;16:10:00;MG;381;628.8;SANTO ANTONIO DO AMPARO;Outras;Sada de Pista;Sem Vtimas;Plena noite;Crescente;Chuva;Dupla;Reta;Rural;2007;1;1;1;1;1;1;1;1
174738;12/01/2007;Tera;10:00:00;PE;104;127.5;PANELAS;Falta de ateno;Capotamento;Sem Vtimas;Pleno dia;Decrescente;Ceu Claro;Simples;Reta;Rural;2007;1;1;1;1;1;1;1;1
174741;11/01/2007;Segunda;11:00:00;GO;60;45;ALEXANIA;Dormindo;Sada de Pista;Com Vtimas Fatais;Plena noite;Decrescente;Ceu Claro;Dupla;Reta;Rural;2007;1;1;1;1;1;1;1;1
174742;12/01/2007;Tera;16:00:00;RJ;101;265;RIO BONITO;Outras;Coliso traseira;Sem Vtimas;Pleno dia;Crescente;Chuva;Dupla;Reta;Rural;2007;1;1;1;1;1;1;1;1
174743;11/01/2007;Segunda;18:00:00;SC;101;91.7;BARRA VELHA;Falta de ateno;Coliso traseira;Sem Vtimas;Pleno dia;Decrescente;Ceu Claro;Dupla;Reta;Rural;2007;2;1;1;1;2;1;1;2
174746;12/01/2007;Tera;11:20:00;MS;158;78.9;PARANAIBA;Outras;Sada de Pista;Com Vtimas Fatais;Plena noite;Decrescente;Chuva;Simples;Reta;Rural;2007;4;3;1;1;1;1;1;1
174747;11/01/2007;Segunda;20:40:00;SP;116;561;BARRA DO TURVO;Outras;Coliso com objeto fixo;Sem Vtimas;Plena noite;Crescente;Chuva;Dupla;Curva;Rural;2007;1;1;1;1;1;1;1;1
174748;13/01/2007;Quarta;10:30:00;TO;226;1;PALMEIRAS DO TOCANTINS;Outras;Coliso traseira;Sem Vtimas;Pleno dia;Decrescente;Sol;Simples;Reta;Urbano;2007;2;1;1;1;2;1;1;2
174749;13/01/2007;Quarta;16:30:00;PB;230;112.9;INGA;Desobedincia  sinalizao;Coliso Transversal;Com Vtimas Fatais;Pleno dia;Decrescente;Chuva;Simples;Curva;Rural;2007;3;1;1;1;1;1;1;2
174750;12/01/2007;Tera;12:40:00;MS;262;250.2;RIBAS DO RIO PARDO;Animais na Pista;Atropelamento de animal;Sem Vtimas;Plena noite;Crescente;Nublado;Simples;Reta;Rural;2007;1;1;1;1;1;1;1;1
174752;13/01/2007;Quarta;19:05:00;PA;316;8;ANANINDEUA;Falta de ateno;Coliso lateral;Sem Vtimas;Pleno dia;Crescente;Ceu Claro;Dupla;Reta;Urbano;2007;2;1;1;1;2;1;1;2
174754;13/01/2007;Quarta;17:05:00;SC;101;222.3;PALHOCA;Falta de ateno;Coliso traseira;Sem Vtimas;Pleno dia;Crescente;Nublado;Simples;Reta;Urbano;2007;2;1;1;1;2;1;1;2
174756;13/01/2007;Quarta;18:00:00;PB;101;111;ALHANDRA;Falta de ateno;Sada de Pista;Sem Vtimas;Pleno dia;Decrescente;Ceu Claro;Simples;Reta;Rural;2007;1;1;1;1;1;1;1;1
174757;11/01/2007;Segunda;18:10:00;SP;116;545;BARRA DO TURVO;Falta de ateno;Capotamento;Sem Vtimas;Pleno dia;Decrescente;Chuva;Simples;Curva;Rural;2007;1;1;1;1;1;1;1;1
174760;13/01/2007;Quarta;16:40:00;PB;101;24;MAMANGUAPE;Outras;Sada de Pista;Com Vtimas Feridas;Pleno dia;Decrescente;Ceu Claro;Simples;Reta;Rural;2007;2;1;1;2;1;1;2;1
174763;13/01/2007;Quarta;11:30:00;MG;262;358;BETIM;Desobedincia  sinalizao;Coliso lateral;Com Vtimas Feridas;Pleno dia;Crescente;Chuva;Simples;Reta;Rural;2007;3;1;1;1;2;1;1;2
174764;12/01/2007;Tera;15:30:00;SP;116;550.1;BARRA DO TURVO;Outras;Sada de Pista;Com Vtimas Feridas;Pleno dia;Decrescente;Nublado;Dupla;Curva;Rural;2007;3;1;3;1;1;1;3;1
174765;13/01/2007;Quarta;19:30:00;SC;282;342.7;CAMPOS NOVOS;Velocidade incompatvel;Sada de Pista;Com Vtimas Feridas;Pleno dia;Decrescente;Chuva;Simples;Reta;Rural;2007;4;1;2;2;1;1;4;1
174766;13/01/2007;Quarta;19:40:00;MG;381;930;EXTREMA;No guardar distncia de segurana;Coliso traseira;Sem Vtimas;Pleno dia;Crescente;Chuva;Dupla;Curva;Rural;2007;1;1;1;1;1;1;1;1
174767;11/01/2007;Segunda;13:00:00;SP;381;34;ATIBAIA;Outras;Coliso traseira;Com Vtimas Feridas;Plena noite;Decrescente;Chuva;Dupla;Curva;Rural;2007;6;1;3;1;3;1;3;3
174768;13/01/2007;Quarta;19:30:00;MG;116;753.4;LEOPOLDINA;Outras;Coliso lateral;Com Vtimas Feridas;Pleno dia;Crescente;Chuva;Simples;Curva;Rural;2007;2;1;1;1;1;1;1;2
174773;13/01/2007;Quarta;18:05:00;RO;364;499.5;ARIQUEMES;Defeito na via;Tombamento;Com Vtimas Feridas;Pleno dia;Crescente;Ceu Claro;Simples;Curva;Rural;2007;1;1;1;1;1;1;1;1
174774;13/01/2007;Quarta;15:40:00;RN;101;82.5;NATAL;No guardar distncia de segurana;Coliso traseira;Sem Vtimas;Amanhecer;Decrescente;Ceu Claro;Dupla;Cruzamento;Urbano;2007;2;1;1;1;2;1;1;2
174776;13/01/2007;Quarta;10:30:00;RJ;116;144;DUQUE DE CAXIAS;Falta de ateno;Coliso lateral;Sem Vtimas;Pleno dia;Crescente;Chuva;Simples;Curva;Urbano;2007;2;1;1;1;2;1;1;2
174778;13/01/2007;Quarta;15:30:00;MT;364;337.8;CUIABA;Outras;Sada de Pista;Sem Vtimas;Amanhecer;Crescente;Nublado;Simples;Reta;Rural;2007;1;1;1;1;1;1;1;1
174781;13/01/2007;Quarta;18:00:00;PE;424;5.3;ARCOVERDE;Animais na Pista;Coliso traseira;Com Vtimas Feridas;Pleno dia;Crescente;Ceu Claro;Simples;Reta;Rural;2007;2;1;2;1;1;1;2;2
174782;11/01/2007;Segunda;19:00:00;ES;101;204;JOAO NEIVA;No guardar distncia de segurana;Coliso traseira;Sem Vtimas;Anoitecer;Decrescente;Chuva;Simples;Reta;Rural;2007;2;1;1;1;1;1;1;2
174785;13/01/2007;Quarta;19:00:00;RS;386;163.7;TIRADENTES DO SUL;Falta de ateno;Sada de Pista;Sem Vtimas;Pleno dia;Decrescente;Chuva;Simples;Reta;Rural;2007;1;1;1;1;1;1;1;1
174786;13/01/2007;Quarta;10:15:00;SC;101;5.2;GARUVA;Falta de ateno;Coliso traseira;Sem Vtimas;Pleno dia;Decrescente;Nublado;Dupla;Reta;Urbano;2007;3;1;1;1;3;1;1;3
174787;12/01/2007;Tera;15:50:00;MG;40;497;ESMERALDAS;Outras;Coliso traseira;Sem Vtimas;Pleno dia;Crescente;Chuva;Dupla;Reta;Rural;2007;2;1;1;1;2;1;1;2
174788;13/01/2007;Quarta;10:10:00;MG;381;710.9;CARMO DA CACHOEIRA;Outras;Capotamento;Com Vtimas Feridas;Pleno dia;Decrescente;Chuva;Dupla;Curva;Rural;2007;2;1;2;1;1;1;2;1
174789;13/01/2007;Quarta;11:30:00;SC;470;100.2;APIUNA;No guardar distncia de segurana;Coliso traseira;Sem Vtimas;Pleno dia;Decrescente;Ceu Claro;Simples;Reta;Urbano;2007;3;1;1;1;3;1;1;3
174791;11/01/2007;Segunda;18:00:00;RJ;101;266;RIO BONITO;Outras;Sada de Pista;Sem Vtimas;Pleno dia;Crescente;Chuva;Dupla;Curva;Rural;2007;1;1;1;1;1;1;1;1
174793;12/01/2007;Tera;11:50:00;SP;116;548.5;BARRA DO TURVO;Outras;Coliso com objeto fixo;Com Vtimas Feridas;Pleno dia;Crescente;Chuva;Mltipla;Curva;Rural;2007;2;1;2;1;1;1;2;1
174794;13/01/2007;Quarta;12:30:00;RS;285;322.1;PASSO FUNDO;Falta de ateno;Sada de Pista;Sem Vtimas;Pleno dia;Decrescente;Chuva;Simples;Reta;Rural;2007;1;1;1;1;1;1;1;1
174796;13/01/2007;Quarta;19:00:00;ES;101;285;CARIACICA;Outras;Coliso lateral;Sem Vtimas;Pleno dia;Crescente;Nublado;Simples;Curva;Rural;2007;2;1;1;1;2;1;1;2
174798;13/01/2007;Quarta;11:45:00;SC;116;184.3;SAO CRISTOVAO DO SUL;No guardar distncia de segurana;Coliso traseira;Sem Vtimas;Pleno dia;Decrescente;Nublado;Simples;Cruzamento;Urbano;2007;2;1;1;1;2;1;1;2
174799;13/01/2007;Quarta;19:20:00;MG;381;763.5;CAMPANHA;Outras;Sada de Pista;Sem Vtimas;Pleno dia;Decrescente;Chuva;Dupla;Reta;Rural;2007;2;1;1;1;2;1;1;2
174801;13/01/2007;Quarta;16:45:00;MG;40;296.5;TRES MARIAS;Dormindo;Sada de Pista;Com Vtimas Feridas;Amanhecer;Crescente;Chuva;Simples;Reta;Rural;2007;4;1;1;3;1;1;4;1
174803;13/01/2007;Quarta;11:35:00;ES;262;3.5;CARIACICA;Falta de ateno;Coliso lateral;Com Vtimas Feridas;Pleno dia;Decrescente;Nublado;Dupla;Reta;Urbano;2007;3;1;1;1;2;1;1;3
174805;11/01/2007;Segunda;16:30:00;SP;116;418.4;JUQUIA;Outras;Coliso com objeto fixo;Sem Vtimas;Amanhecer;Crescente;Nublado;Dupla;Curva;Rural;2007;1;1;1;1;1;1;1;1
174806;13/01/2007;Quarta;11:40:00;SC;470;37;GASPAR;Desobedincia  sinalizao;Coliso Transversal;Com Vtimas Feridas;Pleno dia;Decrescente;Nublado;Simples;Cruzamento;Urbano;2007;3;1;2;1;1;1;2;2
174807;13/01/2007;Quarta;19:40:00;ES;262;147.4;IBATIBA;Outras;Coliso com objeto fixo;Sem Vtimas;Pleno dia;Crescente;Chuva;Simples;Curva;Rural;2007;1;1;1;1;1;1;1;1
174808;11/01/2007;Segunda;17:00:00;RJ;101;282;ITABORAI;Outras;Coliso traseira;Sem Vtimas;Pleno dia;Crescente;Chuva;Dupla;Curva;Rural;2007;2;1;1;1;2;1;1;2
174812;13/01/2007;Quarta;11:40:00;ES;262;162.4;IBATIBA;Outras;Sada de Pista;Com Vtimas Feridas;Pleno dia;Crescente;Chuva;Simples;Curva;Rural;2007;5;1;3;2;1;1;5;1
174817;12/01/2007;Tera;15:00:00;SC;101;95;BARRA VELHA;Falta de ateno;Capotamento;Com Vtimas Feridas;Plena noite;Decrescente;Chuva;Dupla;Reta;Rural;2007;2;1;1;1;1;1;1;1
174818;13/01/2007;Quarta;14:15:00;MG;116;702.8;MURIAE;Falta de ateno;Coliso traseira;Sem Vtimas;Pleno dia;Crescente;Chuva;Simples;Cruzamento;Urbano;2007;2;1;1;1;2;1;1;2
174819;12/01/2007;Tera;14:00:00;ES;262;1.4;CARIACICA;Outras;Coliso traseira;Sem Vtimas;Pleno dia;Decrescente;Chuva;Dupla;Reta;Urbano;2007;2;1;1;1;2;1;1;2
174820;11/01/2007;Segunda;17:30:00;RO;364;722;PORTO VELHO;Falta de ateno;Coliso traseira;Com Vtimas Feridas;Pleno dia;Crescente;Ceu Claro;Simples;Reta;Urbano;2007;3;1;1;1;1;1;1;2
174824;12/01/2007;Tera;11:35:00;SP;116;544.9;BARRA DO TURVO;Outras;Coliso traseira;Com Vtimas Fatais;Pleno dia;Decrescente;Chuva;Dupla;Curva;Rural;2007;5;2;2;1;1;1;2;2
174826;11/01/2007;Segunda;16:30:00;GO;70;324;JUSSARA;Defeito na via;Coliso traseira;Sem Vtimas;Pleno dia;Decrescente;Sol;Simples;Reta;Rural;2007;6;1;1;1;6;1;1;2
174827;13/01/2007;Quarta;11:15:00;BA;324;512.4;FEIRA DE SANTANA;Falta de ateno;Coliso traseira;Sem Vtimas;Pleno dia;Decrescente;Ceu Claro;Mltipla;Reta;Urbano;2007;2;1;1;1;2;1;1;2
174828;13/01/2007;Quarta;12:30:00;MG;262;371;JUATUBA;Falta de ateno;Coliso traseira;Sem Vtimas;Pleno dia;Crescente;Chuva;Simples;Reta;Rural;2007;2;1;1;1;2;1;1;2
174829;13/01/2007;Quarta;19:40:00;ES;101;161;LINHARES;Outras;Sada de Pista;Sem Vtimas;Pleno dia;Decrescente;Chuva;Simples;Curva;Rural;2007;1;1;1;1;1;1;1;1
174831;13/01/2007;Quarta;11:55:00;SE;101;84.2;NOSSA SENHORA DO SOCORRO;No guardar distncia de segurana;Coliso traseira;Sem Vtimas;Pleno dia;Decrescente;Ceu Claro;Simples;Reta;Rural;2007;2;1;1;1;2;1;1;2
174833;13/01/2007;Quarta;11:00:00;PR;277;72.3;FOZ DO IGUACU;Defeito mecnico em veculo;Sada de Pista;Sem Vtimas;Pleno dia;Crescente;Nublado;Dupla;Reta;Urbano;2007;1;1;1;1;1;1;1;1
174835;11/01/2007;Segunda;18:05:00;SP;101;52;UBATUBA;Outras;Coliso frontal;Com Vtimas Fatais;Pleno dia;Crescente;Sol;Simples;Cruzamento;Urbano;2007;3;1;1;1;1;1;1;2
174836;13/01/2007;Quarta;11:50:00;MG;381;759.2;CAMPANHA;Outras;Coliso lateral;Sem Vtimas;Pleno dia;Decrescente;Chuva;Dupla;Curva;Rural;2007;2;1;1;1;2;1;1;2
174837;12/01/2007;Tera;14:15:00;RS;290;34.4;SANTO ANTONIO DA PATRULHA;Outras;Sada de Pista;Sem Vtimas;Pleno dia;Crescente;Nublado;Dupla;Reta;Rural;2007;1;1;1;1;1;1;1;1
174839;13/01/2007;Quarta;17:50:00;MA;316;400.7;ALTO ALEGRE DO MARANHAO;Defeito mecnico em veculo;Atropelamento de pessoa;Com Vtimas Fatais;Pleno dia;Decrescente;Sol;Simples;Reta;Urbano;2007;4;1;1;1;1;1;2;1
174842;13/01/2007;Quarta;11:15:00;PA;230;127;MARABA;Desobedincia  sinalizao;Coliso Transversal;Com Vtimas Feridas;Pleno dia;Decrescente;Ceu Claro;Mltipla;Reta;Urbano;2007;3;1;2;1;1;1;2;2
174844;13/01/2007;Quarta;11:40:00;MS;267;28.6;BATAGUASSU;Defeito na via;Coliso lateral;Sem Vtimas;Pleno dia;Decrescente;Chuva;Simples;Reta;Rural;2007;3;1;1;1;3;1;1;3
174845;13/01/2007;Quarta;14:05:00;RS;386;346.5;LAJEADO;Velocidade incompatvel;Sada de Pista;Com Vtimas Feridas;Pleno dia;Decrescente;Chuva;Dupla;Reta;Urbano;2007;2;1;1;1;1;1;2;1
174849;13/01/2007;Quarta;18:30:00;ES;601;2.5;SERRA;No guardar distncia de segurana;Coliso traseira;Sem Vtimas;Pleno dia;Decrescente;Chuva;Mltipla;Cruzamento;Urbano;2007;2;1;1;1;2;1;1;2
174851;13/01/2007;Quarta;15:10:00;MG;381;522.1;ITATIAIUCU;Velocidade incompatvel;Coliso com objeto fixo;Com Vtimas Feridas;Pleno dia;Crescente;Chuva;Dupla;Curva;Rural;2007;2;1;1;1;1;1;2;1
174853;13/01/2007;Quarta;12:20:00;BA;116;861;VITORIA DA CONQUISTA;Falta de ateno;Coliso Transversal;Sem Vtimas;Pleno dia;Crescente;Ceu Claro;Simples;Reta;Urbano;2007;2;1;1;1;2;1;1;2
174854;13/01/2007;Quarta;12:00:00;PR;116;43.5;CAMPINA GRANDE DO SUL;Outras;Sada de Pista;Sem Vtimas;Pleno dia;Crescente;Chuva;Dupla;Curva;Rural;2007;1;1;1;1;1;1;1;1
174855;12/01/2007;Tera;15:30:00;PR;376;620.1;SAO JOSE DOS PINHAIS;Defeito mecnico em veculo;Coliso com objeto fixo;Sem Vtimas;Amanhecer;Crescente;Ignorada;Dupla;Reta;Urbano;2007;2;1;1;1;2;1;1;2
174856;13/01/2007;Quarta;10:50:00;BA;101;443;UBAITABA;No guardar distncia de segurana;Coliso traseira;Sem Vtimas;Pleno dia;Decrescente;Ceu Claro;Simples;Reta;Urbano;2007;2;1;1;1;2;1;1;2
174859;13/01/2007;Quarta;15:45:00;RJ;101;329;NITEROI;Falta de ateno;Coliso traseira;Sem Vtimas;Pleno dia;Crescente;Nublado;Dupla;Reta;Urbano;2007;2;1;1;1;2;1;1;2
174861;13/01/2007;Quarta;14:10:00;RS;386;343.2;LAJEADO;No guardar distncia de segurana;Tombamento;Com Vtimas Feridas;Pleno dia;Crescente;Chuva;Simples;Reta;Urbano;2007;1;1;1;1;1;1;1;1
174863;12/01/2007;Tera;16:15:00;SC;101;92.5;BARRA VELHA;Falta de ateno;Atropelamento de pessoa;Com Vtimas Fatais;Amanhecer;Decrescente;Chuva;Dupla;Reta;Rural;2007;3;2;1;1;1;1;1;2
174864;13/01/2007;Quarta;14:15:00;RS;285;341.2;CARAZINHO;Defeito mecnico em veculo;Coliso traseira;Sem Vtimas;Pleno dia;Decrescente;Ceu Claro;Simples;Reta;Rural;2007;2;1;1;1;2;1;1;2
174865;13/01/2007;Quarta;12:00:00;MG;40;483;SETE LAGOAS;Defeito na via;Coliso traseira;Sem Vtimas;Pleno dia;Decrescente;Chuva;Dupla;Curva;Rural;2007;2;1;1;1;2;1;1;2
174866;13/01/2007;Quarta;15:00:00;AL;316;285.2;MACEIO;Outras;Queda de motocicleta / bicicleta / veculo;Com Vtimas Feridas;Pleno dia;Decrescente;Ceu Claro;Simples;Reta;Urbano;2007;2;1;1;1;1;1;1;2
174868;13/01/2007;Quarta;11:50:00;BA;101;703.1;EUNAPOLIS;Outras;Sada de Pista;Com Vtimas Feridas;Pleno dia;Crescente;Chuva;Simples;Curva;Rural;2007;3;1;2;1;1;1;2;1
174871;13/01/2007;Quarta;15:20:00;SC;101;341.1;TUBARAO;Falta de ateno;Coliso Transversal;Com Vtimas Feridas;Pleno dia;Crescente;Nublado;Simples;Reta;Urbano;2007;2;1;1;1;1;1;1;2
174873;12/01/2007;Tera;11:30:00;SP;116;544.9;BARRA DO TURVO;Outras;Capotamento;Com Vtimas Feridas;Pleno dia;Decrescente;Chuva;Dupla;Curva;Rural;2007;2;1;1;1;1;1;1;1
174874;13/01/2007;Quarta;17:20:00;RS;116;465;SAO LOURENCO DO SUL;Falta de ateno;Coliso traseira;Com Vtimas Feridas;Pleno dia;Decrescente;Nublado;Simples;Cruzamento;Rural;2007;3;1;1;1;2;1;1;2
174875;13/01/2007;Quarta;15:15:00;SC;158;101.2;CUNHA PORA;Falta de ateno;Coliso traseira;Sem Vtimas;Pleno dia;Decrescente;Nublado;Simples;Reta;Rural;2007;2;1;1;1;2;1;1;2
174876;12/01/2007;Tera;17:10:00;SC;282;532.9;CHAPECO;Falta de ateno;Coliso traseira;Sem Vtimas;Pleno dia;Decrescente;Ceu Claro;Simples;Cruzamento;Urbano;2007;2;1;1;1;2;1;1;2
174878;13/01/2007;Quarta;15:00:00;PR;376;636;SAO JOSE DOS PINHAIS;Outras;Coliso com objeto fixo;Sem Vtimas;Pleno dia;Decrescente;Chuva;Dupla;Reta;Rural;2007;1;1;1;1;1;1;1;1
174879;13/01/2007;Quarta;15:30:00;ES;601;2.5;SERRA;Outras;Coliso traseira;Sem Vtimas;Pleno dia;Decrescente;Nublado;Dupla;Cruzamento;Urbano;2007;2;1;1;1;2;1;1;2
174881;13/01/2007;Quarta;12:10:00;PR;116;49.4;CAMPINA GRANDE DO SUL;Outras;Sada de Pista;Com Vtimas Feridas;Pleno dia;Decrescente;Chuva;Dupla;Curva;Rural;2007;4;1;4;1;1;1;4;1
174882;13/01/2007;Quarta;14:50:00;SC;101;204.9;SAO JOSE;No guardar distncia de segurana;Coliso traseira;Sem Vtimas;Pleno dia;Crescente;Nublado;Dupla;Reta;Urbano;2007;2;1;1;1;2;1;1;2
174884;13/01/2007;Quarta;15:10:00;MS;262;144.8;RIBAS DO RIO PARDO;Outras;Queda de motocicleta / bicicleta / veculo;Com Vtimas Feridas;Pleno dia;Decrescente;Ceu Claro;Simples;Reta;Rural;2007;2;1;2;1;1;1;2;1
174886;11/01/2007;Segunda;11:00:00;RJ;493;19;MAGE;Outras;Coliso Transversal;Sem Vtimas;Pleno dia;Crescente;Chuva;Simples;Reta;Urbano;2007;2;1;1;1;2;1;1;2
174887;12/01/2007;Tera;23:30:00;BA;101;430;MARAU;Velocidade incompatvel;Sada de Pista;Sem Vtimas;Plena noite;Decrescente;Chuva;Simples;Curva;Rural;2007;1;1;1;1;1;1;1;1
174888;13/01/2007;Quarta;11:45:00;SC;282;1.4;FLORIANOPOLIS;Outras;Coliso traseira;Sem Vtimas;Pleno dia;Decrescente;Chuva;Dupla;Reta;Urbano;2007;4;1;1;1;4;1;1;4
174889;13/01/2007;Quarta;13:00:00;SC;470;195.5;POUSO REDONDO;Ultrapassagem indevida;Coliso Transversal;Com Vtimas Feridas;Pleno dia;Crescente;Nublado;Simples;Curva;Rural;2007;6;1;2;3;1;1;5;2
174890;13/01/2007;Quarta;17:00:00;RS;290;76;GRAVATAI;Outras;Sada de Pista;Com Vtimas Feridas;Pleno dia;Crescente;Chuva;Dupla;Curva;Rural;2007;1;1;1;1;1;1;1;1