id;data_inversa;dia_semana;horario;uf;br;km;municipio;causa_acidente;tipo_acidente;classificacao_acidente;fase_dia;sentido_via;condicao_metereologica;tipo_pista;tracado_via;uso_solo;ano;pessoas;mortos;feridos_leves;feridos_graves;ilesos;ignorados;feridos;veiculos
175236;14/01/2007;Quinta;19:05:00;ES;101;269.8;SERRA;Desobedincia  sinalizao;Coliso Transversal;Sem Vtimas;Pleno dia;Decrescente;Nublado;Mltipla;Reta;Urbano;2007;2;1;1;1;2;1;1;2
175239;13/01/2007;Quarta;10:15:00;PR;116;43;CAMPINA GRANDE DO SUL;Outras;Tombamento;Sem Vtimas;Plena noite;Decrescente;Chuva;Dupla;Curva;Rural;2007;1;1;1;1;1;1;1;1
175241;12/01/2007;Tera;18:50:00;PR;116;107.2;SAO JOSE DOS PINHAIS;Outras;Coliso traseira;Sem Vtimas;Pleno dia;Crescente;Nublado;Dupla;Reta;Rural;2007;2;1;1;1;2;1;1;2
175243;12/01/2007;Tera;18:40:00;SP;116;561;BARRA DO TURVO;Outras;Capotamento;Sem Vtimas;Pleno dia;Decrescente;Chuva;Dupla;Curva;Rural;2007;1;1;1;1;1;1;1;1
175245;12/01/2007;Tera;14:20:00;SP;101;50;UBATUBA;Outras;Coliso Transversal;Sem Vtimas;Pleno dia;Crescente;Sol;Simples;Reta;Urbano;2007;2;1;1;1;2;1;1;2
175247;14/01/2007;Quinta;17:00:00;BA;101;392;IBIRAPITANGA;Outras;Coliso lateral;Com Vtimas Fatais;Pleno dia;Crescente;Chuva;Simples;Curva;Urbano;2007;2;1;1;1;1;1;1;2
175248;11/01/2007;Segunda;14:50:00;RN;304;31.6;MOSSORO;Outras;Coliso com objeto mvel;Com Vtimas Fatais;Plena noite;Decrescente;Ceu Claro;Simples;Reta;Urbano;2007;1;1;1;1;1;1;1;1
175249;14/01/2007;Quinta;12:55:00;SC;282;498.2;XANXERE;Falta de ateno;Coliso Transversal;Com Vtimas Feridas;Pleno dia;Decrescente;Nublado;Simples;Reta;Urbano;2007;2;1;1;1;1;1;1;2
175252;14/01/2007;Quinta;13:45:00;RS;116;40;VACARIA;Falta de ateno;Coliso Transversal;Sem Vtimas;Pleno dia;Crescente;Ceu Claro;Simples;Reta;Urbano;2007;2;1;1;1;2;1;1;2
175253;14/01/2007;Quinta;18:50:00;PE;232;95.2;BEZERROS;Falta de ateno;Capotamento;Com Vtimas Feridas;Pleno dia;Crescente;Chuva;Dupla;Reta;Rural;2007;3;1;2;1;1;1;2;1
175255;14/01/2007;Quinta;12:40:00;ES;262;59.9;MARECHAL FLORIANO;Outras;Capotamento;Sem Vtimas;Pleno dia;Crescente;Chuva;Simples;Curva;Urbano;2007;1;1;1;1;1;1;1;1
175257;14/01/2007;Quinta;10:35:00;SP;116;143.8;SAO JOSE DOS CAMPOS;Velocidade incompatvel;Coliso traseira;Com Vtimas Feridas;Pleno dia;Decrescente;Chuva;Dupla;Reta;Urbano;2007;2;1;1;1;1;1;1;2
175258;12/01/2007;Tera;16:50:00;MS;163;147.9;NAVIRAI;Defeito mecnico em veculo;Sada de Pista;Com Vtimas Feridas;Pleno dia;Decrescente;Ceu Claro;Simples;Reta;Rural;2007;2;1;1;1;1;1;1;1
175259;14/01/2007;Quinta;13:00:00;PA;316;66;CASTANHAL;Falta de ateno;Coliso traseira;Sem Vtimas;Pleno dia;Crescente;Ceu Claro;Dupla;Cruzamento;Urbano;2007;2;1;1;1;2;1;1;2
175260;12/01/2007;Tera;15:30:00;SP;116;548.5;BARRA DO TURVO;Outras;Coliso com objeto fixo;Sem Vtimas;Pleno dia;Crescente;Chuva;Mltipla;Curva;Rural;2007;1;1;1;1;1;1;1;1
175261;11/01/2007;Segunda;17:00:00;RS;116;152.3;CAXIAS DO SUL;Velocidade incompatvel;Coliso com objeto fixo;Com Vtimas Feridas;Pleno dia;Decrescente;Ceu Claro;Simples;Curva;Urbano;2007;2;1;2;1;1;1;2;1
175262;14/01/2007;Quinta;14:40:00;RS;386;239.1;SOLEDADE;Outras;Sada de Pista;Sem Vtimas;Pleno dia;Decrescente;Chuva;Simples;Reta;Rural;2007;2;1;1;1;2;1;1;1
175264;14/01/2007;Quinta;11:50:00;SE;101;64.4;ROSARIO DO CATETE;Falta de ateno;Coliso traseira;Sem Vtimas;Pleno dia;Decrescente;Chuva;Simples;Reta;Rural;2007;2;1;1;1;2;1;1;2
175265;14/01/2007;Quinta;11:20:00;SC;101;274.5;IMBITUBA;Falta de ateno;Coliso Transversal;Com Vtimas Feridas;Pleno dia;Crescente;Ceu Claro;Simples;Reta;Rural;2007;3;1;1;1;2;1;1;3
175267;14/01/2007;Quinta;11:10:00;AL;101;94.8;RIO LARGO;Falta de ateno;Coliso lateral;Sem Vtimas;Pleno dia;Decrescente;Chuva;Simples;Reta;Rural;2007;2;1;1;1;2;1;1;2
175269;14/01/2007;Quinta;19:00:00;ES;262;57;MARECHAL FLORIANO;Outras;Sada de Pista;Sem Vtimas;Pleno dia;Crescente;Chuva;Simples;Reta;Rural;2007;1;1;1;1;1;1;1;1
175271;14/01/2007;Quinta;14:15:00;RS;158;564.4;SANTANA DO LIVRAMENTO;Desobedincia  sinalizao;Coliso Transversal;Com Vtimas Feridas;Pleno dia;Decrescente;Ceu Claro;Simples;Cruzamento;Urbano;2007;6;1;2;1;4;1;2;2
175279;12/01/2007;Tera;19:30:00;SP;116;548.5;BARRA DO TURVO;Outras;Coliso lateral;Sem Vtimas;Pleno dia;Crescente;Chuva;Mltipla;Curva;Rural;2007;2;1;1;1;2;1;1;2
175282;14/01/2007;Quinta;12:10:00;SE;101;93.1;NOSSA SENHORA DO SOCORRO;Falta de ateno;Coliso Transversal;Sem Vtimas;Pleno dia;Crescente;Chuva;Simples;Reta;Rural;2007;2;1;1;1;2;1;1;2
175283;13/01/2007;Quarta;14:49:00;SP;116;57;GUARATINGUETA;Outras;Coliso traseira;Com Vtimas Feridas;Plena noite;Decrescente;Chuva;Dupla;Reta;Rural;2007;2;1;1;1;1;1;1;2
175284;14/01/2007;Quinta;18:30:00;PI;316;325;PICOS;Defeito mecnico em veculo;Coliso com objeto fixo;Sem Vtimas;Pleno dia;Crescente;Sol;Simples;Reta;Rural;2007;1;1;1;1;1;1;1;1
175289;12/01/2007;Tera;11:40:00;MG;40;686.6;BARBACENA;Dormindo;Sada de Pista;Sem Vtimas;Pleno dia;Decrescente;Nevoeiro/neblina;Simples;Curva;Rural;2007;1;1;1;1;1;1;1;1
175291;14/01/2007;Quinta;18:15:00;PB;230;128.6;MASSARANDUBA;Velocidade incompatvel;Sada de Pista;Com Vtimas Feridas;Pleno dia;Crescente;Chuva;Dupla;Reta;Rural;2007;2;1;1;1;1;1;1;1
175292;14/01/2007;Quinta;10:35:00;RS;386;306.6;POUSO NOVO;Falta de ateno;Sada de Pista;Sem Vtimas;Pleno dia;Decrescente;Nublado;Dupla;Reta;Rural;2007;1;1;1;1;1;1;1;1
175293;14/01/2007;Quinta;14:20:00;BA;116;771.7;BOA NOVA;Outras;Sada de Pista;Sem Vtimas;Pleno dia;Decrescente;Chuva;Simples;Curva;Rural;2007;1;1;1;1;1;1;1;1
175294;14/01/2007;Quinta;12:15:00;AL;101;16;NOVO LINO;Outras;Atropelamento de pessoa;Com Vtimas Feridas;Pleno dia;Crescente;Sol;Simples;Curva;Rural;2007;3;1;1;1;2;1;1;2
175296;14/01/2007;Quinta;15:30:00;ES;101;249.8;SERRA;Falta de ateno;Coliso traseira;Sem Vtimas;Pleno dia;Crescente;Chuva;Simples;Reta;Urbano;2007;2;1;1;1;2;1;1;2
175297;14/01/2007;Quinta;14:00:00;SP;116;391.8;MIRACATU;Falta de ateno;Coliso traseira;Sem Vtimas;Pleno dia;Decrescente;Ceu Claro;Dupla;Reta;Rural;2007;2;1;1;1;2;1;1;2
175299;12/01/2007;Tera;23:00:00;MG;40;681.9;RESSAQUINHA;Falta de ateno;Sada de Pista;Sem Vtimas;Plena noite;Decrescente;Chuva;Simples;Curva;Urbano;2007;1;1;1;1;1;1;1;1
175300;14/01/2007;Quinta;10:15:00;SC;101;381.9;ICARA;Falta de ateno;Coliso lateral;Sem Vtimas;Pleno dia;Crescente;Ceu Claro;Simples;Reta;Urbano;2007;2;1;1;1;2;1;1;2
175301;14/01/2007;Quinta;12:50:00;SC;470;122.3;IBIRAMA;Falta de ateno;Coliso lateral;Sem Vtimas;Pleno dia;Decrescente;Ceu Claro;Simples;Reta;Rural;2007;3;1;1;1;2;1;1;3
175302;14/01/2007;Quinta;19:40:00;RN;226;54.1;BOM JESUS;Falta de ateno;Capotamento;Com Vtimas Feridas;Pleno dia;Crescente;Chuva;Simples;Curva;Rural;2007;2;1;1;1;1;1;1;1
175303;14/01/2007;Quinta;15:55:00;RS;290;106.6;ELDORADO DO SUL;No guardar distncia de segurana;Coliso com objeto fixo;Sem Vtimas;Pleno dia;Crescente;Nublado;Simples;Curva;Urbano;2007;1;1;1;1;1;1;1;1
175304;14/01/2007;Quinta;10:00:00;RJ;101;79;CAMPOS DOS GOYTACAZES;Falta de ateno;Coliso lateral;Com Vtimas Fatais;Pleno dia;Crescente;Granizo;Simples;Reta;Urbano;2007;4;1;1;1;2;1;1;2
175305;13/01/2007;Quarta;16:45:00;MG;116;469.8;TARUMIRIM;Outras;Sada de Pista;Sem Vtimas;Pleno dia;Decrescente;Chuva;Simples;Reta;Rural;2007;1;1;1;1;1;1;1;1
175307;14/01/2007;Quinta;11:30:00;DF;251;19;BRASILIA;Outras;Coliso frontal;Sem Vtimas;Pleno dia;Decrescente;Ceu Claro;Simples;Reta;Rural;2007;2;1;1;1;2;1;1;2
175308;14/01/2007;Quinta;19:00:00;SP;116;348.8;MIRACATU;Falta de ateno;Coliso com objeto mvel;Sem Vtimas;Pleno dia;Crescente;Nublado;Simples;Curva;Rural;2007;2;1;1;1;2;1;1;2
175309;14/01/2007;Quinta;14:40:00;MG;40;475.2;SETE LAGOAS;Defeito na via;Coliso traseira;Sem Vtimas;Pleno dia;Decrescente;Chuva;Dupla;Curva;Rural;2007;2;1;1;1;2;1;1;2
175310;14/01/2007;Quinta;15:10:00;RS;386;388.2;TRIUNFO;Falta de ateno;Coliso traseira;Sem Vtimas;Pleno dia;Crescente;Chuva;Dupla;Reta;Urbano;2007;3;1;1;1;3;1;1;3
175311;14/01/2007;Quinta;14:05:00;MT;364;583;NOBRES;Falta de ateno;Sada de Pista;Sem Vtimas;Pleno dia;Decrescente;Chuva;Simples;Curva;Rural;2007;1;1;1;1;1;1;1;1
175312;13/01/2007;Quarta;18:00:00;MG;459;145.4;PIRANGUINHO;Outras;Sada de Pista;Com Vtimas Feridas;Pleno dia;Decrescente;Chuva;Simples;Curva;Rural;2007;1;1;1;1;1;1;1;1
175313;14/01/2007;Quinta;11:50:00;BA;367;48;PORTO SEGURO;Velocidade incompatvel;Sada de Pista;Com Vtimas Feridas;Pleno dia;Decrescente;Chuva;Simples;Curva;Rural;2007;3;1;3;1;1;1;3;1
175314;14/01/2007;Quinta;15:15:00;SP;101;14;UBATUBA;Velocidade incompatvel;Capotamento;Sem Vtimas;Pleno dia;Crescente;Chuva;Simples;Reta;Rural;2007;1;1;1;1;1;1;1;1
175315;14/01/2007;Quinta;12:20:00;PR;116;117.9;CURITIBA;Outras;Coliso Transversal;Sem Vtimas;Pleno dia;Decrescente;Nublado;Simples;Reta;Urbano;2007;2;1;1;1;2;1;1;2
175317;14/01/2007;Quinta;16:00:00;RS;158;316;SANTA MARIA;No guardar distncia de segurana;Coliso lateral;Sem Vtimas;Pleno dia;Decrescente;Chuva;Dupla;Curva;Rural;2007;2;1;1;1;2;1;1;2
175318;14/01/2007;Quinta;17:00:00;MG;381;166.8;GOVERNADOR VALADARES;Defeito mecnico em veculo;Capotamento;Com Vtimas Feridas;Pleno dia;Crescente;Nublado;Simples;Reta;Rural;2007;11;1;11;1;1;1;11;1
175319;14/01/2007;Quinta;10:30:00;PE;232;132.5;CARUARU;Falta de ateno;Coliso lateral;Sem Vtimas;Pleno dia;Crescente;Ceu Claro;Simples;Reta;Urbano;2007;2;1;1;1;2;1;1;2
175320;14/01/2007;Quinta;17:00:00;SC;116;1.1;MAFRA;Defeito mecnico em veculo;Tombamento;Com Vtimas Feridas;Pleno dia;Decrescente;Chuva;Simples;Reta;Urbano;2007;1;1;1;1;1;1;1;1
175321;14/01/2007;Quinta;18:40:00;SE;101;77;LARANJEIRAS;Outras;Coliso Transversal;Sem Vtimas;Pleno dia;Crescente;Ceu Claro;Simples;Reta;Urbano;2007;2;1;1;1;2;1;1;2
175322;14/01/2007;Quinta;11:00:00;ES;101;292.3;CARIACICA;Outras;Coliso lateral;Sem Vtimas;Pleno dia;Decrescente;Nublado;Simples;Curva;Urbano;2007;2;1;1;1;2;1;1;2
175323;14/01/2007;Quinta;19:30:00;PR;277;342.8;GUARAPUAVA;Outras;Coliso Transversal;Sem Vtimas;Pleno dia;Decrescente;Sol;Simples;Reta;Urbano;2007;2;1;1;1;2;1;1;2
175324;14/01/2007;Quinta;18:00:00;SE;101;148.3;ESTANCIA;No guardar distncia de segurana;Coliso traseira;Sem Vtimas;Pleno dia;Crescente;Chuva;Simples;Reta;Urbano;2007;4;1;1;1;4;1;1;4
175325;11/01/2007;Segunda;15:30:00;PI;343;344.4;TERESINA;Dormindo;Sada de Pista;Com Vtimas Feridas;Amanhecer;Crescente;Ceu Claro;Simples;Curva;Urbano;2007;1;1;1;1;1;1;1;1
175326;13/01/2007;Quarta;15:30:00;MG;459;111.5;POUSO ALEGRE;Velocidade incompatvel;Sada de Pista;Sem Vtimas;Pleno dia;Decrescente;Chuva;Simples;Reta;Rural;2007;1;1;1;1;1;1;1;1
175327;14/01/2007;Quinta;10:10:00;ES;101;420.8;ATILIO VIVACQUA;Outras;Sada de Pista;Sem Vtimas;Pleno dia;Crescente;Chuva;Simples;Reta;Rural;2007;2;1;1;1;2;1;1;2
175329;14/01/2007;Quinta;16:20:00;SE;235;33;AREIA BRANCA;Defeito na via;Coliso lateral;Sem Vtimas;Pleno dia;Crescente;Chuva;Simples;Curva;Urbano;2007;2;1;1;1;2;1;1;2
175333;14/01/2007;Quinta;15:30:00;BA;116;685.8;JEQUIE;Outras;Sada de Pista;Com Vtimas Feridas;Pleno dia;Crescente;Chuva;Simples;Curva;Rural;2007;2;1;1;1;1;1;2;1
175334;13/01/2007;Quarta;15:15:00;MG;381;923;ITAPEVA;Outras;Sada de Pista;Com Vtimas Feridas;Pleno dia;Crescente;Chuva;Dupla;Curva;Rural;2007;5;1;4;1;1;1;4;1
175335;14/01/2007;Quinta;14:05:00;SC;101;123;ITAJAI;Desobedincia  sinalizao;Coliso Transversal;Sem Vtimas;Pleno dia;Decrescente;Ceu Claro;Simples;Cruzamento;Urbano;2007;2;1;1;1;2;1;1;2
175336;14/01/2007;Quinta;16:25:00;MG;262;439.8;NOVA SERRANA;Defeito na via;Capotamento;Sem Vtimas;Amanhecer;Decrescente;Chuva;Simples;Reta;Rural;2007;1;1;1;1;1;1;1;1
175337;14/01/2007;Quinta;13:15:00;SC;282;338.2;CAMPOS NOVOS;Velocidade incompatvel;Capotamento;Com Vtimas Feridas;Pleno dia;Decrescente;Chuva;Simples;Cruzamento;Urbano;2007;4;1;2;1;2;1;2;1
175338;14/01/2007;Quinta;12:00:00;RN;101;97.7;NATAL;Outras;Coliso lateral;Sem Vtimas;Pleno dia;Decrescente;Ceu Claro;Simples;Cruzamento;Urbano;2007;2;1;1;1;2;1;1;2
175339;14/01/2007;Quinta;18:30:00;RS;101;98.3;OSORIO;Desobedincia  sinalizao;Coliso Transversal;Com Vtimas Feridas;Pleno dia;Decrescente;Nublado;Dupla;Cruzamento;Urbano;2007;2;1;1;1;1;1;1;2
175340;14/01/2007;Quinta;12:30:00;MA;10;263.8;IMPERATRIZ;Falta de ateno;Coliso lateral;Com Vtimas Feridas;Pleno dia;Decrescente;Sol;Simples;Reta;Urbano;2007;2;1;1;1;1;1;1;2
175342;11/01/2007;Segunda;11:10:00;SP;116;561.9;BARRA DO TURVO;Outras;Coliso com objeto fixo;Sem Vtimas;Pleno dia;Decrescente;Chuva;Dupla;Curva;Rural;2007;1;1;1;1;1;1;1;1
175343;14/01/2007;Quinta;15:00:00;RS;158;269.9;JULIO DE CASTILHOS;Outras;Sada de Pista;Sem Vtimas;Pleno dia;Decrescente;Chuva;Simples;Reta;Rural;2007;1;1;1;1;1;1;1;1
175344;14/01/2007;Quinta;17:35:00;RS;386;347.4;LAJEADO;Outras;Sada de Pista;Com Vtimas Feridas;Pleno dia;Decrescente;Chuva;Dupla;Reta;Urbano;2007;1;1;1;1;1;1;1;1
175345;12/01/2007;Tera;16:30:00;PR;476;131.7;CURITIBA;No guardar distncia de segurana;Coliso traseira;Sem Vtimas;Pleno dia;Crescente;Nublado;Dupla;Cruzamento;Urbano;2007;2;1;1;1;2;1;1;2
175347;14/01/2007;Quinta;13:58:00;ES;262;9;VIANA;Outras;Coliso traseira;Sem Vtimas;Pleno dia;Decrescente;Chuva;Mltipla;Reta;Urbano;2007;2;1;1;1;2;1;1;2
175348;14/01/2007;Quinta;16:50:00;RS;468;1;TIRADENTES DO SUL;Defeito mecnico em veculo;Atropelamento de pessoa;Com Vtimas Feridas;Pleno dia;Decrescente;Ceu Claro;Simples;Reta;Rural;2007;2;1;1;1;1;1;1;1
175349;13/01/2007;Quarta;13:40:00;MG;381;878.6;CAMBUI;Velocidade incompatvel;Coliso lateral;Sem Vtimas;Pleno dia;Crescente;Chuva;Simples;Reta;Rural;2007;2;1;1;1;2;1;1;2
175350;12/01/2007;Tera;19:20:00;SP;116;548.5;BARRA DO TURVO;Outras;Coliso com objeto fixo;Sem Vtimas;Pleno dia;Crescente;Chuva;Mltipla;Curva;Rural;2007;1;1;1;1;1;1;1;1
175352;14/01/2007;Quinta;18:25:00;MG;381;772;CAMPANHA;Outras;Sada de Pista;Com Vtimas Feridas;Anoitecer;Decrescente;Chuva;Dupla;Reta;Rural;2007;2;1;1;1;1;1;2;1
175353;14/01/2007;Quinta;14:30:00;MG;381;828;SAO SEBASTIAO DA BELA VISTA;Outras;Sada de Pista;Sem Vtimas;Pleno dia;Crescente;Chuva;Dupla;Reta;Rural;2007;1;1;1;1;1;1;1;1
175355;14/01/2007;Quinta;17:00:00;RS;386;3.9;IRAI;Falta de ateno;Coliso lateral;Sem Vtimas;Pleno dia;Crescente;Chuva;Simples;Reta;Urbano;2007;2;1;1;1;2;1;1;2
175356;11/01/2007;Segunda;11:45:00;PI;343;600.5;FLORIANO;Falta de ateno;Coliso Transversal;Com Vtimas Feridas;Plena noite;Crescente;Ceu Claro;Simples;Reta;Urbano;2007;2;1;1;1;1;1;1;2
175358;14/01/2007;Quinta;18:00:00;RS;101;27.3;TRES CACHOEIRAS;Defeito mecnico em veculo;Coliso com objeto mvel;Com Vtimas Feridas;Pleno dia;Crescente;Ceu Claro;Simples;Reta;Rural;2007;1;1;1;1;1;1;1;1
175359;14/01/2007;Quinta;15:15:00;MG;381;337;JOAO MONLEVADE;Falta de ateno;Coliso frontal;Com Vtimas Feridas;Pleno dia;Decrescente;Chuva;Simples;Curva;Urbano;2007;4;1;1;2;1;1;3;2
175360;11/01/2007;Segunda;20:00:00;SP;116;568;BARRA DO TURVO;Outras;Coliso com objeto fixo;Sem Vtimas;Plena noite;Crescente;Chuva;Simples;Curva;Rural;2007;1;1;1;1;1;1;1;1
175361;11/01/2007;Segunda;13:00:00;RJ;101;267;RIO BONITO;Outras;Coliso lateral;Sem Vtimas;Pleno dia;Crescente;Chuva;Dupla;Reta;Rural;2007;3;1;1;1;3;1;1;3
175363;14/01/2007;Quinta;15:07:00;RJ;116;239.2;PIRAI;Outras;Coliso com objeto fixo;Sem Vtimas;Pleno dia;Decrescente;Chuva;Simples;Reta;Urbano;2007;1;1;1;1;1;1;1;1
175364;14/01/2007;Quinta;16:15:00;RS;158;543.9;SANTANA DO LIVRAMENTO;Outras;Sada de Pista;Com Vtimas Feridas;Pleno dia;Crescente;Chuva;Simples;Curva;Rural;2007;4;1;2;1;2;1;2;1
175365;11/01/2007;Segunda;21:10:00;RN;304;48;MOSSORO;Falta de ateno;Coliso Transversal;Com Vtimas Feridas;Plena noite;Crescente;Ceu Claro;Dupla;Reta;Urbano;2007;3;1;2;1;1;1;2;2
175367;14/01/2007;Quinta;16:00:00;ES;262;3.8;CARIACICA;Desobedincia  sinalizao;Coliso lateral;Com Vtimas Feridas;Pleno dia;Crescente;Chuva;Dupla;Cruzamento;Urbano;2007;2;1;1;1;1;1;1;2
175368;11/01/2007;Segunda;18:30:00;PA;316;12;MARITUBA;No guardar distncia de segurana;Coliso traseira;Sem Vtimas;Anoitecer;Decrescente;Nublado;Dupla;Reta;Urbano;2007;3;1;1;1;3;1;1;3
175369;14/01/2007;Quinta;11:50:00;RN;304;296.6;MACAIBA;Falta de ateno;Coliso traseira;Sem Vtimas;Pleno dia;Crescente;Ceu Claro;Simples;Reta;Urbano;2007;2;1;1;1;2;1;1;2
175370;12/01/2007;Tera;14:00:00;SE;101;68.9;MARUIM;No guardar distncia de segurana;Tombamento;Sem Vtimas;Pleno dia;Decrescente;Chuva;Simples;Reta;Rural;2007;1;1;1;1;1;1;1;1
175371;14/01/2007;Quinta;18:20:00;PB;230;32;BAYEUX;Falta de ateno;Coliso traseira;Sem Vtimas;Plena noite;Decrescente;Ceu Claro;Dupla;Reta;Urbano;2007;3;1;1;1;3;1;1;2
175372;14/01/2007;Quinta;18:40:00;SP;116;43;CACHOEIRA PAULISTA;Outras;Coliso com objeto fixo;Sem Vtimas;Anoitecer;Crescente;Chuva;Dupla;Reta;Rural;2007;1;1;1;1;1;1;1;1
175373;14/01/2007;Quinta;17:45:00;SP;116;301.7;SAO LOURENCO DA SERRA;Velocidade incompatvel;Tombamento;Sem Vtimas;Pleno dia;Crescente;Chuva;Dupla;Curva;Rural;2007;1;1;1;1;1;1;1;1
175375;14/01/2007;Quinta;16:30:00;RS;158;531.1;SANTANA DO LIVRAMENTO;Falta de ateno;Coliso Transversal;Sem Vtimas;Pleno dia;Decrescente;Chuva;Simples;Cruzamento;Rural;2007;3;1;1;1;3;1;1;2
175376;11/01/2007;Segunda;18:30:00;ES;262;13.3;VIANA;Outras;Coliso traseira;Com Vtimas Feridas;Anoitecer;Decrescente;Nublado;Dupla;Curva;Rural;2007;2;1;1;1;1;1;1;2
175377;14/01/2007;Quinta;17:00:00;RO;364;426.1;JARU;Falta de ateno;Coliso com objeto mvel;Com Vtimas Feridas;Pleno dia;Decrescente;Chuva;Simples;Reta;Urbano;2007;2;1;2;1;1;1;2;1
175378;14/01/2007;Quinta;19:00:00;SE;235;1.5;ARACAJU;Outras;Coliso traseira;Com Vtimas Feridas;Plena noite;Crescente;Chuva;Dupla;Reta;Urbano;2007;4;1;1;1;3;1;1;3
175379;14/01/2007;Quinta;17:10:00;ES;101;322.8;GUARAPARI;Ultrapassagem indevida;Coliso frontal;Com Vtimas Feridas;Pleno dia;Decrescente;Chuva;Simples;Reta;Rural;2007;4;1;1;2;2;1;2;3
175380;13/01/2007;Quarta;16:20:00;MG;365;5.6;MONTES CLAROS;Outras;Capotamento;Sem Vtimas;Pleno dia;Decrescente;Nublado;Simples;Curva;Rural;2007;1;1;1;1;1;1;1;1
175381;14/01/2007;Quinta;12:25:00;SP;459;29.1;LORENA;Falta de ateno;Coliso com objeto mvel;Sem Vtimas;Pleno dia;Decrescente;Chuva;Simples;Reta;Urbano;2007;1;1;1;1;1;1;1;1
175382;11/01/2007;Segunda;22:40:00;SP;116;548.5;BARRA DO TURVO;Dormindo;Sada de Pista;Com Vtimas Feridas;Plena noite;Crescente;Nublado;Simples;Curva;Rural;2007;1;1;1;1;1;1;1;1
175383;14/01/2007;Quinta;14:40:00;TO;153;670.3;GURUPI;Outras;Coliso traseira;Sem Vtimas;Pleno dia;Decrescente;Chuva;Dupla;Reta;Urbano;2007;2;1;1;1;2;1;1;2
175384;14/01/2007;Quinta;17:50:00;PR;277;512.3;GUARANIACU;No guardar distncia de segurana;Coliso traseira;Sem Vtimas;Pleno dia;Decrescente;Nevoeiro/neblina;Simples;Reta;Rural;2007;2;1;1;1;2;1;1;2
175385;13/01/2007;Quarta;16:30:00;PB;230;13.9;CABEDELO;Falta de ateno;Coliso traseira;Sem Vtimas;Pleno dia;Crescente;Sol;Dupla;Cruzamento;Urbano;2007;2;1;1;1;2;1;1;2
175386;13/01/2007;Quarta;21:00:00;SP;116;28.9;CRUZEIRO;Outras;Capotamento;Sem Vtimas;Plena noite;Decrescente;Chuva;Dupla;Reta;Rural;2007;1;1;1;1;1;1;1;1
175387;14/01/2007;Quinta;17:50:00;MS;463;59.2;PONTA PORA;Falta de ateno;Sada de Pista;Sem Vtimas;Pleno dia;Decrescente;Chuva;Simples;Curva;Rural;2007;2;1;1;1;2;1;1;1
175388;14/01/2007;Quinta;15:20:00;SC;101;144;ITAPEMA;Falta de ateno;Coliso lateral;Sem Vtimas;Plena noite;Decrescente;Ceu Claro;Dupla;Reta;Urbano;2007;2;1;1;1;2;1;1;2
175389;13/01/2007;Quarta;16:30:00;MG;381;754.5;CAMPANHA;Outras;Coliso lateral;Com Vtimas Feridas;Pleno dia;Crescente;Chuva;Dupla;Curva;Rural;2007;2;1;1;1;1;1;1;2
175390;14/01/2007;Quinta;18:40:00;SC;101;39.6;JOINVILLE;Falta de ateno;Coliso Transversal;Com Vtimas Feridas;Anoitecer;Crescente;Chuva;Dupla;Reta;Urbano;2007;2;1;1;1;1;1;1;2
175391;14/01/2007;Quinta;18:30:00;SP;381;41.7;ATIBAIA;No guardar distncia de segurana;Capotamento;Com Vtimas Feridas;Pleno dia;Decrescente;Nublado;Dupla;Reta;Rural;2007;2;1;1;1;1;1;1;1
175392;11/01/2007;Segunda;17:40:00;PE;104;76.3;CARUARU;No guardar distncia de segurana;Coliso traseira;Sem Vtimas;Anoitecer;Crescente;Ceu Claro;Simples;Reta;Rural;2007;2;1;1;1;2;1;1;2
175393;14/01/2007;Quinta;12:50:00;MG;262;36.8;MANHUACU;Falta de ateno;Coliso lateral;Sem Vtimas;Pleno dia;Decrescente;Chuva;Simples;Cruzamento;Urbano;2007;2;1;1;1;2;1;1;2
175394;12/01/2007;Tera;17:15:00;RN;304;33;MOSSORO;Falta de ateno;Coliso traseira;Com Vtimas Feridas;Pleno dia;Crescente;Sol;Simples;Reta;Urbano;2007;3;1;1;1;2;1;1;2
175395;14/01/2007;Quinta;20:20:00;RS;116;243.3;SAO LEOPOLDO;Desobedincia  sinalizao;Coliso traseira;Sem Vtimas;Anoitecer;Crescente;Chuva;Simples;Reta;Urbano;2007;2;1;1;1;2;1;1;2
175396;14/01/2007;Quinta;17:15:00;RO;319;22.3;PORTO VELHO;Falta de ateno;Coliso lateral;Sem Vtimas;Pleno dia;Decrescente;Ceu Claro;Dupla;Cruzamento;Urbano;2007;2;1;1;1;2;1;1;2
175397;11/01/2007;Segunda;20:30:00;SP;116;561;BARRA DO TURVO;Outras;Coliso com objeto fixo;Com Vtimas Feridas;Plena noite;Crescente;Chuva;Dupla;Curva;Rural;2007;1;1;1;1;1;1;1;1