id;data_inversa;dia_semana;horario;uf;br;km;municipio;causa_acidente;tipo_acidente;classificacao_acidente;fase_dia;sentido_via;condicao_metereologica;tipo_pista;tracado_via;uso_solo;ano;pessoas;mortos;feridos_leves;feridos_graves;ilesos;ignorados;feridos;veiculos
175398;14/01/2007;Quinta;17:45:00;CE;222;1.8;FORTALEZA;No guardar distncia de segurana;Coliso traseira;Sem Vtimas;Pleno dia;Decrescente;Sol;Mltipla;Reta;Urbano;2007;2;1;1;1;2;1;1;2
175399;14/01/2007;Quinta;19:45:00;SC;282;75.5;RANCHO QUEIMADO;Defeito na via;Coliso lateral;Com Vtimas Feridas;Pleno dia;Decrescente;Nublado;Simples;Curva;Rural;2007;6;1;3;1;2;1;4;3
175400;14/01/2007;Quinta;13:30:00;ES;101;40.6;CONCEICAO DA BARRA;Outras;Sada de Pista;Com Vtimas Feridas;Pleno dia;Decrescente;Sol;Simples;Reta;Rural;2007;1;1;1;1;1;1;1;1
175401;14/01/2007;Quinta;14:00:00;BA;418;1;NOVA VICOSA;No guardar distncia de segurana;Coliso traseira;Sem Vtimas;Pleno dia;Crescente;Ceu Claro;Simples;Reta;Rural;2007;2;1;1;1;2;1;1;2
175402;13/01/2007;Quarta;15:00:00;MG;365;3;MONTES CLAROS;Falta de ateno;Coliso traseira;Sem Vtimas;Pleno dia;Crescente;Nublado;Simples;Reta;Rural;2007;2;1;1;1;2;1;1;2
175403;14/01/2007;Quinta;21:05:00;RS;386;381.1;TABAI;Falta de ateno;Atropelamento de pessoa;Com Vtimas Feridas;Plena noite;Crescente;Nublado;Simples;Curva;Rural;2007;3;1;1;1;1;1;2;1
175404;14/01/2007;Quinta;12:30:00;MS;163;45;ELDORADO;Outras;Sada de Pista;Sem Vtimas;Pleno dia;Decrescente;Chuva;Dupla;Reta;Rural;2007;1;1;1;1;1;1;1;1
175405;14/01/2007;Quinta;13:50:00;RS;116;149.1;CAXIAS DO SUL;No guardar distncia de segurana;Coliso traseira;Sem Vtimas;Pleno dia;Decrescente;Nublado;Mltipla;Reta;Urbano;2007;2;1;1;1;2;1;1;2
175406;14/01/2007;Quinta;19:15:00;PE;101;66.6;RECIFE;Falta de ateno;Coliso lateral;Sem Vtimas;Plena noite;Decrescente;Ceu Claro;Mltipla;Reta;Urbano;2007;2;1;1;1;2;1;1;2
175407;14/01/2007;Quinta;13:45:00;AL;101;165.4;TEOTONIO VILELA;Ultrapassagem indevida;Capotamento;Com Vtimas Feridas;Pleno dia;Crescente;Nublado;Simples;Reta;Rural;2007;2;1;1;1;1;1;1;2
175408;12/01/2007;Tera;18:30:00;SP;116;548.5;BARRA DO TURVO;Outras;Sada de Pista;Sem Vtimas;Pleno dia;Crescente;Chuva;Mltipla;Curva;Rural;2007;1;1;1;1;1;1;1;1
175410;14/01/2007;Quinta;16:20:00;SP;116;63.9;GUARATINGUETA;Outras;Coliso com objeto fixo;Sem Vtimas;Pleno dia;Decrescente;Chuva;Dupla;Reta;Urbano;2007;2;1;1;1;2;1;1;2
175411;14/01/2007;Quinta;14:40:00;RS;116;148.7;CAXIAS DO SUL;Falta de ateno;Coliso traseira;Sem Vtimas;Pleno dia;Crescente;Ceu Claro;Dupla;Reta;Urbano;2007;2;1;1;1;2;1;1;2
175413;14/01/2007;Quinta;17:40:00;PR;373;229.7;IVAI;Falta de ateno;Coliso Transversal;Com Vtimas Fatais;Plena noite;Decrescente;Chuva;Simples;Reta;Urbano;2007;2;1;1;1;1;1;1;2
175414;14/01/2007;Quinta;11:00:00;SE;101;55;CARMOPOLIS;Velocidade incompatvel;Coliso lateral;Com Vtimas Feridas;Pleno dia;Crescente;Chuva;Simples;Curva;Rural;2007;2;1;1;1;1;1;1;2
175415;14/01/2007;Quinta;19:50:00;SC;101;4.7;GARUVA;Falta de ateno;Sada de Pista;Sem Vtimas;Anoitecer;Crescente;Chuva;Dupla;Reta;Urbano;2007;2;1;1;1;2;1;1;2
175416;11/01/2007;Segunda;17:00:00;PA;316;16;MARITUBA;No guardar distncia de segurana;Coliso traseira;Sem Vtimas;Pleno dia;Decrescente;Nublado;Dupla;Reta;Urbano;2007;4;1;1;1;4;1;1;4
175417;11/01/2007;Segunda;18:30:00;SP;116;550;BARRA DO TURVO;Outras;Coliso com objeto fixo;Com Vtimas Feridas;Pleno dia;Crescente;Chuva;Simples;Curva;Rural;2007;2;1;1;1;1;1;1;1
175418;12/01/2007;Tera;15:00:00;SP;381;76;SAO PAULO;Outras;Coliso com objeto fixo;Sem Vtimas;Pleno dia;Crescente;Chuva;Dupla;Curva;Rural;2007;1;1;1;1;1;1;1;1
175419;14/01/2007;Quinta;19:20:00;PB;230;15.1;JOAO PESSOA;Falta de ateno;Coliso traseira;Com Vtimas Feridas;Plena noite;Crescente;Nublado;Dupla;Reta;Urbano;2007;4;1;1;1;3;1;1;2
175420;14/01/2007;Quinta;20:50:00;SC;282;520.3;XAXIM;Falta de ateno;Tombamento;Sem Vtimas;Plena noite;Crescente;Chuva;Simples;Reta;Urbano;2007;1;1;1;1;1;1;1;1
175421;14/01/2007;Quinta;20:10:00;MG;381;784.9;SAO GONCALO DO SAPUCAI;Velocidade incompatvel;Sada de Pista;Sem Vtimas;Plena noite;Decrescente;Chuva;Dupla;Reta;Rural;2007;1;1;1;1;1;1;1;1
175422;14/01/2007;Quinta;14:30:00;GO;153;50.9;PORANGATU;Outras;Sada de Pista;Sem Vtimas;Amanhecer;Crescente;Nublado;Simples;Reta;Rural;2007;1;1;1;1;1;1;1;1
175424;14/01/2007;Quinta;18:00:00;MG;262;27.6;REDUTO;Defeito na via;Coliso lateral;Sem Vtimas;Pleno dia;Crescente;Chuva;Simples;Curva;Rural;2007;1;1;1;1;1;1;1;1
175425;14/01/2007;Quinta;15:40:00;BA;110;383.7;SAO SEBASTIAO DO PASSE;Outras;Tombamento;Sem Vtimas;Pleno dia;Decrescente;Nublado;Simples;Curva;Rural;2007;1;1;1;1;1;1;1;1
175426;14/01/2007;Quinta;22:15:00;RS;101;86.9;OSORIO;Defeito na via;Sada de Pista;Sem Vtimas;Plena noite;Decrescente;Nublado;Simples;Curva;Rural;2007;1;1;1;1;1;1;1;1
175427;12/01/2007;Tera;14:00:00;SP;116;548.5;BARRA DO TURVO;Outras;Coliso com objeto fixo;Sem Vtimas;Pleno dia;Crescente;Chuva;Mltipla;Curva;Rural;2007;1;1;1;1;1;1;1;1
175428;14/01/2007;Quinta;15:30:00;BA;116;455;FEIRA DE SANTANA;Falta de ateno;Coliso traseira;Sem Vtimas;Pleno dia;Crescente;Chuva;Simples;Reta;Urbano;2007;3;1;1;1;2;1;1;3
175429;14/01/2007;Quinta;21:10:00;RS;116;253.4;SAPUCAIA DO SUL;Falta de ateno;Coliso traseira;Sem Vtimas;Plena noite;Crescente;Chuva;Mltipla;Reta;Urbano;2007;2;1;1;1;2;1;1;2
175432;12/01/2007;Tera;13:20:00;ES;262;139.2;MUNIZ FREIRE;Animais na Pista;Atropelamento de animal;Sem Vtimas;Pleno dia;Crescente;Chuva;Simples;Curva;Rural;2007;1;1;1;1;1;1;1;1
175433;11/01/2007;Segunda;19:00:00;SP;116;545;BARRA DO TURVO;Velocidade incompatvel;Coliso com objeto fixo;Com Vtimas Feridas;Pleno dia;Crescente;Chuva;Simples;Curva;Rural;2007;2;1;1;1;1;1;1;1
175434;14/01/2007;Quinta;10:30:00;BA;101;478.1;URUCUCA;Outras;Sada de Pista;Sem Vtimas;Pleno dia;Decrescente;Chuva;Simples;Reta;Rural;2007;1;1;1;1;1;1;1;1
175435;14/01/2007;Quinta;13:40:00;MG;381;410;CAETE;Outras;Coliso lateral;Com Vtimas Feridas;Pleno dia;Crescente;Chuva;Simples;Curva;Urbano;2007;2;1;1;1;1;1;1;2
175436;14/01/2007;Quinta;18:15:00;PE;101;82;JABOATAO DOS GUARARAPES;Falta de ateno;Coliso traseira;Com Vtimas Feridas;Plena noite;Crescente;Ceu Claro;Simples;Reta;Urbano;2007;3;1;1;1;2;1;1;2
175437;13/01/2007;Quarta;16:40:00;RJ;393;250.7;BARRA DO PIRAI;Defeito na via;Danos Eventuais;Sem Vtimas;Pleno dia;Crescente;Chuva;Simples;Curva;Rural;2007;1;1;1;1;1;1;1;1
175438;14/01/2007;Quinta;10:15:00;MG;267;262.4;AIURUOCA;Defeito na via;Coliso traseira;Sem Vtimas;Pleno dia;Crescente;Chuva;Simples;Curva;Rural;2007;2;1;1;1;2;1;1;2
175439;13/01/2007;Quarta;17:00:00;MG;381;753.5;CAMPANHA;Velocidade incompatvel;Sada de Pista;Com Vtimas Feridas;Pleno dia;Crescente;Chuva;Dupla;Reta;Rural;2007;2;1;1;1;1;1;1;1
175440;11/01/2007;Segunda;14:30:00;PA;316;24;BENEVIDES;No guardar distncia de segurana;Coliso traseira;Com Vtimas Feridas;Pleno dia;Decrescente;Chuva;Dupla;Reta;Rural;2007;5;1;1;1;3;1;2;3
175442;13/01/2007;Quarta;16:10:00;ES;262;168.1;IBATIBA;Falta de ateno;Sada de Pista;Com Vtimas Feridas;Pleno dia;Crescente;Chuva;Simples;Reta;Rural;2007;3;1;1;1;1;1;2;1
175443;14/01/2007;Quinta;17:50:00;MG;365;595.8;INDIANOPOLIS;Falta de ateno;Coliso traseira;Com Vtimas Fatais;Pleno dia;Crescente;Nublado;Simples;Reta;Rural;2007;3;1;1;1;1;1;1;2
175444;14/01/2007;Quinta;19:20:00;RS;116;192.9;PICADA CAFE;Velocidade incompatvel;Sada de Pista;Com Vtimas Feridas;Pleno dia;Crescente;Chuva;Simples;Curva;Rural;2007;1;1;1;1;1;1;1;1
175445;14/01/2007;Quinta;15:30:00;CE;116;73.1;CHOROZINHO;No guardar distncia de segurana;Coliso traseira;Com Vtimas Fatais;Pleno dia;Crescente;Sol;Simples;Reta;Rural;2007;8;1;1;2;4;1;3;2
175446;14/01/2007;Quinta;16:30:00;RS;116;361.1;CAMAQUA;Outras;Sada de Pista;Com Vtimas Feridas;Pleno dia;Decrescente;Chuva;Simples;Curva;Rural;2007;3;1;2;1;1;1;2;1
175447;14/01/2007;Quinta;18:00:00;RS;116;150;CAXIAS DO SUL;Falta de ateno;Coliso traseira;Sem Vtimas;Anoitecer;Crescente;Chuva;Dupla;Reta;Urbano;2007;3;1;1;1;3;1;1;3
175448;14/01/2007;Quinta;15:40:00;SE;101;64.1;ROSARIO DO CATETE;No guardar distncia de segurana;Coliso traseira;Sem Vtimas;Pleno dia;Crescente;Chuva;Simples;Reta;Urbano;2007;4;1;1;1;4;1;1;4
175449;11/01/2007;Segunda;10:50:00;SC;101;202.6;SAO JOSE;Falta de ateno;Coliso Transversal;Com Vtimas Feridas;Plena noite;Crescente;Ceu Claro;Dupla;Reta;Urbano;2007;3;1;1;1;2;1;1;2
175450;13/01/2007;Quarta;19:00:00;RS;116;241.5;NOVO HAMBURGO;Falta de ateno;Coliso traseira;Sem Vtimas;Pleno dia;Crescente;Chuva;Dupla;Reta;Urbano;2007;3;1;1;1;3;1;1;3
175451;14/01/2007;Quinta;17:30:00;PR;116;49.1;CAMPINA GRANDE DO SUL;Outras;Capotamento;Sem Vtimas;Pleno dia;Decrescente;Chuva;Dupla;Reta;Rural;2007;1;1;1;1;1;1;1;1
175452;14/01/2007;Quinta;17:30:00;TO;153;199.8;NOVA OLINDA;Ultrapassagem indevida;Coliso lateral;Sem Vtimas;Pleno dia;Crescente;Nublado;Simples;Reta;Rural;2007;2;1;1;1;2;1;1;2
175453;14/01/2007;Quinta;17:50:00;PR;116;44.5;CAMPINA GRANDE DO SUL;Outras;Capotamento;Com Vtimas Feridas;Pleno dia;Crescente;Chuva;Dupla;Curva;Rural;2007;2;1;2;1;1;1;2;1
175455;14/01/2007;Quinta;21:30:00;SP;116;159.5;JACAREI;Outras;Sada de Pista;Sem Vtimas;Plena noite;Decrescente;Chuva;Mltipla;Reta;Urbano;2007;1;1;1;1;1;1;1;1
175456;14/01/2007;Quinta;12:05:00;RJ;40;2.4;COMENDADOR LEVY GASPARIAN;Falta de ateno;Capotamento;Sem Vtimas;Pleno dia;Decrescente;Chuva;Dupla;Curva;Rural;2007;1;1;1;1;1;1;1;1
175457;11/01/2007;Segunda;15:00:00;SC;280;12.2;SAO FRANCISCO DO SUL;Falta de ateno;Coliso lateral;Com Vtimas Feridas;Pleno dia;Crescente;Ceu Claro;Simples;Reta;Rural;2007;2;1;1;1;1;1;1;2
175459;12/01/2007;Tera;16:00:00;AM;174;9.3;MANAUS;Falta de ateno;Sada de Pista;Com Vtimas Feridas;Pleno dia;Crescente;Chuva;Simples;Curva;Rural;2007;1;1;1;1;1;1;1;1
175460;14/01/2007;Quinta;18:40:00;MA;316;609.8;TIMON;Animais na Pista;Atropelamento de animal;Sem Vtimas;Plena noite;Decrescente;Ceu Claro;Simples;Reta;Rural;2007;1;1;1;1;1;1;1;1
175461;14/01/2007;Quinta;22:10:00;RS;158;328.6;SANTA MARIA;Outras;Coliso Transversal;Com Vtimas Fatais;Plena noite;Crescente;Ceu Claro;Simples;Reta;Urbano;2007;5;1;3;1;1;1;4;3
175462;14/01/2007;Quinta;19:30:00;MG;40;24.5;SAO GONCALO DO ABAETE;Outras;Sada de Pista;Sem Vtimas;Plena noite;Crescente;Chuva;Simples;Curva;Rural;2007;1;1;1;1;1;1;1;1
175463;14/01/2007;Quinta;11:10:00;SC;153;87.2;CONCORDIA;Ingesto de lcool;Coliso traseira;Com Vtimas Feridas;Plena noite;Crescente;Nublado;Simples;Reta;Rural;2007;2;1;1;1;1;1;1;2
175465;14/01/2007;Quinta;13:00:00;RJ;40;93;DUQUE DE CAXIAS;Outras;Sada de Pista;Sem Vtimas;Pleno dia;Crescente;Nevoeiro/neblina;Simples;Reta;Rural;2007;1;1;1;1;1;1;1;1
175466;11/01/2007;Segunda;19:30:00;BA;101;678.5;ITAGIMIRIM;Falta de ateno;Coliso traseira;Sem Vtimas;Plena noite;Crescente;Chuva;Simples;Reta;Rural;2007;4;1;1;1;4;1;1;2
175467;14/01/2007;Quinta;21:30:00;SP;116;518.2;CAJATI;Defeito mecnico em veculo;Sada de Pista;Sem Vtimas;Plena noite;Decrescente;Nublado;Simples;Curva;Rural;2007;1;1;1;1;1;1;1;1
175469;14/01/2007;Quinta;18:50:00;MG;381;354;SAO GONCALO DO RIO ABAIXO;Outras;Capotamento;Sem Vtimas;Pleno dia;Crescente;Chuva;Simples;Curva;Rural;2007;1;1;1;1;1;1;1;1
175470;14/01/2007;Quinta;20:30:00;MS;158;140.1;APARECIDA DO TABOADO;Falta de ateno;Coliso Transversal;Sem Vtimas;Plena noite;Crescente;Chuva;Simples;Reta;Rural;2007;2;1;1;1;2;1;1;2
175471;14/01/2007;Quinta;21:15:00;MA;10;248;IMPERATRIZ;Animais na Pista;Atropelamento de animal;Sem Vtimas;Plena noite;Decrescente;Ceu Claro;Simples;Reta;Urbano;2007;1;1;1;1;1;1;1;1
175472;14/01/2007;Quinta;23:10:00;PR;277;75.9;SAO JOSE DOS PINHAIS;Outras;Coliso lateral;Com Vtimas Feridas;Plena noite;Decrescente;Nublado;Dupla;Reta;Urbano;2007;3;1;1;1;2;1;1;3
175473;14/01/2007;Quinta;13:45:00;RJ;40;43.4;AREAL;Outras;Capotamento;Com Vtimas Feridas;Pleno dia;Decrescente;Chuva;Dupla;Curva;Rural;2007;4;1;4;1;1;1;4;1
175474;14/01/2007;Quinta;15:45:00;MS;163;396.2;NOVA ALVORADA DO SUL;Outras;Sada de Pista;Sem Vtimas;Pleno dia;Crescente;Chuva;Simples;Curva;Rural;2007;2;1;1;1;2;1;1;1
175476;14/01/2007;Quinta;21:45:00;SP;116;2.4;QUELUZ;Defeito mecnico em veculo;Coliso com objeto fixo;Sem Vtimas;Plena noite;Decrescente;Chuva;Dupla;Curva;Rural;2007;1;1;1;1;1;1;1;1
175478;14/01/2007;Quinta;18:30:00;SC;101;206.3;SAO JOSE;Falta de ateno;Coliso traseira;Com Vtimas Feridas;Anoitecer;Crescente;Nublado;Dupla;Reta;Urbano;2007;2;1;1;1;1;1;1;2
175479;11/01/2007;Segunda;15:50:00;SC;280;12.8;SAO FRANCISCO DO SUL;Falta de ateno;Queda de motocicleta / bicicleta / veculo;Com Vtimas Feridas;Pleno dia;Decrescente;Ceu Claro;Simples;Reta;Rural;2007;1;1;1;1;1;1;1;1
175480;14/01/2007;Quinta;17:55:00;SP;116;74.4;APARECIDA;Outras;Coliso com objeto fixo;Sem Vtimas;Pleno dia;Decrescente;Chuva;Dupla;Reta;Urbano;2007;1;1;1;1;1;1;1;1
175481;12/01/2007;Tera;17:45:00;SP;116;5;GUARULHOS;Desobedincia  sinalizao;Coliso Transversal;Com Vtimas Feridas;Pleno dia;Decrescente;Nublado;Dupla;Cruzamento;Urbano;2007;2;1;1;1;1;1;1;2
175482;14/01/2007;Quinta;17:30:00;MG;381;324;NOVA ERA;Outras;Tombamento;Com Vtimas Feridas;Pleno dia;Decrescente;Chuva;Simples;Curva;Rural;2007;1;1;1;1;1;1;1;1
175484;11/01/2007;Segunda;16:00:00;RJ;101;510;ANGRA DOS REIS;Outras;Coliso com objeto fixo;Sem Vtimas;Amanhecer;Decrescente;Chuva;Simples;Curva;Rural;2007;1;1;1;1;1;1;1;1
175485;14/01/2007;Quinta;17:45:00;PR;476;125.4;CURITIBA;Falta de ateno;Coliso traseira;Sem Vtimas;Pleno dia;Decrescente;Nublado;Mltipla;Reta;Urbano;2007;5;1;1;1;5;1;1;5
175486;14/01/2007;Quinta;16:25:00;PR;277;708.9;SANTA TEREZINHA DE ITAIPU;Outras;Coliso com bicicleta;Com Vtimas Fatais;Pleno dia;Decrescente;Nublado;Dupla;Reta;Urbano;2007;2;1;1;1;1;1;1;2
175487;14/01/2007;Quinta;21:50:00;RJ;40;41.2;AREAL;Outras;Coliso com objeto fixo;Sem Vtimas;Plena noite;Decrescente;Chuva;Dupla;Reta;Rural;2007;1;1;1;1;1;1;1;1
175488;14/01/2007;Quinta;18:25:00;SP;116;558;BARRA DO TURVO;Outras;Sada de Pista;Sem Vtimas;Anoitecer;Decrescente;Chuva;Simples;Curva;Rural;2007;1;1;1;1;1;1;1;1
175489;13/01/2007;Quarta;13:30:00;RS;116;261;CANOAS;Falta de ateno;Coliso traseira;Com Vtimas Feridas;Pleno dia;Decrescente;Ceu Claro;Mltipla;Curva;Urbano;2007;2;1;1;1;1;1;1;2
175490;14/01/2007;Quinta;23:10:00;RR;174;511;BOA VISTA;Outras;Atropelamento de pessoa;Com Vtimas Feridas;Plena noite;Decrescente;Ceu Claro;Simples;Reta;Rural;2007;3;1;1;2;1;1;2;1
175491;12/01/2007;Tera;16:30:00;PA;316;16.5;MARITUBA;Outras;Capotamento;Sem Vtimas;Pleno dia;Decrescente;Ignorada;Dupla;Reta;Urbano;2007;1;1;1;1;1;1;1;1
175492;14/01/2007;Quinta;23:30:00;MG;146;514.5;POCOS DE CALDAS;Outras;Sada de Pista;Com Vtimas Feridas;Plena noite;Decrescente;Chuva;Dupla;Curva;Rural;2007;2;1;2;1;1;1;2;1
175493;14/01/2007;Quinta;12:30:00;PE;101;40;IGARASSU;Falta de ateno;Coliso Transversal;Com Vtimas Feridas;Pleno dia;Decrescente;Sol;Simples;Reta;Urbano;2007;2;1;1;1;1;1;1;2
175494;14/01/2007;Quinta;21:00:00;MG;381;870.2;ESTIVA;Velocidade incompatvel;Sada de Pista;Sem Vtimas;Plena noite;Crescente;Chuva;Dupla;Curva;Rural;2007;1;1;1;1;1;1;1;1
175495;14/01/2007;Quinta;19:15:00;SP;381;90;GUARULHOS;Falta de ateno;Coliso lateral;Sem Vtimas;Plena noite;Crescente;Chuva;Dupla;Reta;Urbano;2007;1;1;1;1;1;1;1;1
175496;14/01/2007;Quinta;18:50:00;PA;316;2;ANANINDEUA;No guardar distncia de segurana;Coliso traseira;Sem Vtimas;Plena noite;Crescente;Ignorada;Dupla;Reta;Urbano;2007;3;1;1;1;3;1;1;3
175497;12/01/2007;Tera;19:00:00;AM;174;7.9;MANAUS;Outras;Coliso traseira;Sem Vtimas;Anoitecer;Decrescente;Chuva;Simples;Reta;Rural;2007;4;1;1;1;4;1;1;2
175498;14/01/2007;Quinta;14:20:00;MG;381;349.2;JOAO MONLEVADE;Falta de ateno;Coliso Transversal;Com Vtimas Feridas;Plena noite;Crescente;Nublado;Simples;Curva;Urbano;2007;3;1;1;1;2;1;1;2
175500;11/01/2007;Segunda;16:00:00;RJ;101;219;SILVA JARDIM;Outras;Coliso lateral;Com Vtimas Feridas;Amanhecer;Crescente;Chuva;Simples;Curva;Rural;2007;5;1;2;3;1;1;5;2
175501;14/01/2007;Quinta;17:45:00;GO;153;618.9;MORRINHOS;Dormindo;Sada de Pista;Sem Vtimas;Pleno dia;Crescente;Sol;Dupla;Reta;Rural;2007;2;1;1;1;2;1;1;1
175502;14/01/2007;Quinta;19:10:00;SP;381;36;ATIBAIA;Outras;Capotamento;Sem Vtimas;Pleno dia;Crescente;Chuva;Dupla;Curva;Rural;2007;2;1;1;1;2;1;1;2
175503;14/01/2007;Quinta;20:30:00;MA;316;578;CAXIAS;Defeito mecnico em veculo;Coliso lateral;Sem Vtimas;Plena noite;Crescente;Ceu Claro;Simples;Reta;Rural;2007;2;1;1;1;2;1;1;2
175504;14/01/2007;Quinta;12:30:00;PR;116;37.1;CAMPINA GRANDE DO SUL;Outras;Capotamento;Sem Vtimas;Pleno dia;Crescente;Sol;Dupla;Reta;Rural;2007;2;1;1;1;2;1;1;2
175505;14/01/2007;Quinta;20:20:00;SP;116;184;SANTA ISABEL;Outras;Coliso com objeto fixo;Com Vtimas Fatais;Plena noite;Decrescente;Chuva;Dupla;Curva;Rural;2007;2;1;1;1;1;1;1;2
175506;14/01/2007;Quinta;18:20:00;BA;116;679.6;JAGUAQUARA;No guardar distncia de segurana;Coliso lateral;Com Vtimas Feridas;Pleno dia;Crescente;Ceu Claro;Simples;Curva;Rural;2007;4;1;1;1;3;1;1;4
175507;14/01/2007;Quinta;18:15:00;SC;101;209.9;SAO JOSE;Falta de ateno;Coliso lateral;Com Vtimas Feridas;Pleno dia;Crescente;Nublado;Dupla;Cruzamento;Urbano;2007;2;1;1;1;1;1;1;2
175508;14/01/2007;Quinta;23:20:00;SP;381;10;VARGEM;Outras;Coliso com objeto fixo;Sem Vtimas;Plena noite;Crescente;Chuva;Mltipla;Reta;Urbano;2007;1;1;1;1;1;1;1;1
175509;15/01/2007;Sexta;12:15:00;SC;282;442.5;PONTE SERRADA;Falta de ateno;Sada de Pista;Sem Vtimas;Plena noite;Crescente;Chuva;Simples;Curva;Rural;2007;1;1;1;1;1;1;1;1
175511;15/01/2007;Sexta;12:50:00;SC;101;212.9;PALHOCA;Falta de ateno;Coliso traseira;Sem Vtimas;Plena noite;Crescente;Chuva;Dupla;Reta;Urbano;2007;2;1;1;1;2;1;1;2
175512;14/01/2007;Quinta;20:10:00;BA;116;859.8;VITORIA DA CONQUISTA;Outras;Coliso lateral;Sem Vtimas;Plena noite;Crescente;Ceu Claro;Simples;Cruzamento;Urbano;2007;2;1;1;1;2;1;1;2
175513;14/01/2007;Quinta;22:30:00;RO;319;21.7;PORTO VELHO;Falta de ateno;Coliso com objeto mvel;Com Vtimas Feridas;Plena noite;Decrescente;Ceu Claro;Simples;Cruzamento;Urbano;2007;1;1;1;1;1;1;1;1
175514;14/01/2007;Quinta;14:00:00;GO;153;675.8;PANAMA;Velocidade incompatvel;Tombamento;Sem Vtimas;Pleno dia;Crescente;Ceu Claro;Dupla;Curva;Rural;2007;1;1;1;1;1;1;1;1
175515;14/01/2007;Quinta;15:40:00;MS;163;11.8;MUNDO NOVO;Outras;Coliso frontal;Com Vtimas Feridas;Pleno dia;Decrescente;Chuva;Dupla;Reta;Rural;2007;6;1;3;1;2;1;4;2
175516;14/01/2007;Quinta;16:30:00;RJ;101;236;SILVA JARDIM;Outras;Coliso traseira;Com Vtimas Feridas;Pleno dia;Decrescente;Nublado;Simples;Cruzamento;Urbano;2007;2;1;1;1;1;1;1;2
175517;15/01/2007;Sexta;12:40:00;PR;376;644.5;TIJUCAS DO SUL;Dormindo;Sada de Pista;Sem Vtimas;Plena noite;Crescente;Nublado;Dupla;Curva;Rural;2007;1;1;1;1;1;1;1;1
175518;15/01/2007;Sexta;12:50:00;MG;153;245.8;FRONTEIRA;Outras;Sada de Pista;Sem Vtimas;Plena noite;Crescente;Chuva;Simples;Reta;Urbano;2007;2;1;1;1;2;1;1;1
175519;14/01/2007;Quinta;15:00:00;SC;101;234;PALHOCA;Outras;Sada de Pista;Com Vtimas Feridas;Pleno dia;Decrescente;Ceu Claro;Simples;Reta;Urbano;2007;3;1;1;1;1;1;2;2
175520;11/01/2007;Segunda;17:40:00;DF;70;9;BRASILIA;Outras;Capotamento;Com Vtimas Feridas;Pleno dia;Decrescente;Ceu Claro;Dupla;Reta;Urbano;2007;6;1;4;2;1;1;6;1
175521;14/01/2007;Quinta;17:30:00;MG;153;1.5;ARAPORA;Outras;Coliso traseira;Com Vtimas Feridas;Pleno dia;Decrescente;Chuva;Simples;Reta;Rural;2007;7;1;2;1;4;1;3;5
175522;15/01/2007;Sexta;14:00:00;SP;116;504.4;CAJATI;Dormindo;Sada de Pista;Sem Vtimas;Plena noite;Decrescente;Ceu Claro;Simples;Curva;Rural;2007;1;1;1;1;1;1;1;1
175523;15/01/2007;Sexta;13:30:00;ES;101;3;PEDRO CANARIO;Outras;Coliso lateral;Sem Vtimas;Plena noite;Crescente;Ceu Claro;Simples;Reta;Rural;2007;2;1;1;1;2;1;1;2
175524;11/01/2007;Segunda;16:00:00;RJ;101;505;ANGRA DOS REIS;Outras;Sada de Pista;Sem Vtimas;Amanhecer;Crescente;Chuva;Simples;Reta;Rural;2007;1;1;1;1;1;1;1;1
175525;14/01/2007;Quinta;17:50:00;GO;50;286.8;CATALAO;Outras;Coliso com objeto fixo;Sem Vtimas;Pleno dia;Decrescente;Ceu Claro;Simples;Reta;Rural;2007;2;1;1;1;2;1;1;2
175526;15/01/2007;Sexta;11:50:00;MT;174;194.8;PONTES E LACERDA;Animais na Pista;Atropelamento de animal;Sem Vtimas;Plena noite;Crescente;Chuva;Simples;Reta;Rural;2007;1;1;1;1;1;1;1;1
175527;14/01/2007;Quinta;19:30:00;PA;316;2;ANANINDEUA;Falta de ateno;Coliso traseira;Sem Vtimas;Plena noite;Crescente;Nublado;Dupla;Reta;Urbano;2007;2;1;1;1;2;1;1;2
175528;14/01/2007;Quinta;13:40:00;RO;364;340.9;JI-PARANA;Falta de ateno;Coliso Transversal;Com Vtimas Feridas;Pleno dia;Crescente;Sol;Simples;Cruzamento;Urbano;2007;2;1;1;1;1;1;1;2
175529;14/01/2007;Quinta;21:20:00;PI;316;9.2;TERESINA;Falta de ateno;Coliso com bicicleta;Com Vtimas Feridas;Plena noite;Decrescente;Ceu Claro;Simples;Reta;Urbano;2007;5;1;4;1;1;1;5;2