id;data_inversa;dia_semana;horario;uf;br;km;municipio;causa_acidente;tipo_acidente;classificacao_acidente;fase_dia;sentido_via;condicao_metereologica;tipo_pista;tracado_via;uso_solo;ano;pessoas;mortos;feridos_leves;feridos_graves;ilesos;ignorados;feridos;veiculos
175532;15/01/2007;Sexta;15:21:00;SP;116;145;SAO JOSE DOS CAMPOS;Dormindo;Coliso traseira;Sem Vtimas;Amanhecer;Decrescente;Ceu Claro;Dupla;Reta;Urbano;2007;2;1;1;1;2;1;1;2
175533;15/01/2007;Sexta;12:40:00;MG;381;702.1;CARMO DA CACHOEIRA;Outras;Sada de Pista;Sem Vtimas;Plena noite;Crescente;Chuva;Dupla;Curva;Rural;2007;1;1;1;1;1;1;1;1
175534;12/01/2007;Tera;15:00:00;SC;101;145.5;ITAPEMA;No guardar distncia de segurana;Coliso traseira;Sem Vtimas;Pleno dia;Decrescente;Ceu Claro;Dupla;Reta;Rural;2007;2;1;1;1;2;1;1;2
175535;14/01/2007;Quinta;15:30:00;MG;459;123.5;SANTA RITA DO SAPUCAI;Falta de ateno;Coliso Transversal;Com Vtimas Feridas;Pleno dia;Decrescente;Chuva;Simples;Reta;Rural;2007;2;1;1;1;1;1;1;2
175536;14/01/2007;Quinta;18:15:00;RS;116;45;VACARIA;Velocidade incompatvel;Sada de Pista;Sem Vtimas;Anoitecer;Crescente;Chuva;Simples;Curva;Rural;2007;1;1;1;1;1;1;1;1
175537;11/01/2007;Segunda;14:00:00;GO;153;519;HIDROLANDIA;Desobedincia  sinalizao;Sada de Pista;Com Vtimas Feridas;Pleno dia;Decrescente;Chuva;Dupla;Reta;Rural;2007;4;1;3;1;1;1;3;1
175538;15/01/2007;Sexta;11:20:00;PI;316;3.1;TERESINA;Falta de ateno;Coliso Transversal;Com Vtimas Feridas;Plena noite;Decrescente;Ceu Claro;Mltipla;Reta;Urbano;2007;3;1;1;1;1;1;1;2
175539;12/01/2007;Tera;16:30:00;SC;101;151;ITAPEMA;Falta de ateno;Coliso lateral;Sem Vtimas;Pleno dia;Decrescente;Ceu Claro;Dupla;Reta;Urbano;2007;1;1;1;1;1;1;1;1
175540;11/01/2007;Segunda;16:00:00;PE;101;32;IGARASSU;No guardar distncia de segurana;Coliso lateral;Sem Vtimas;Pleno dia;Crescente;Ceu Claro;Simples;Reta;Rural;2007;2;1;1;1;2;1;1;2
175541;13/01/2007;Quarta;14:30:00;MG;381;178.5;PERIQUITO;Animais na Pista;Atropelamento de animal;Sem Vtimas;Pleno dia;Crescente;Nublado;Simples;Reta;Rural;2007;1;1;1;1;1;1;1;1
175543;12/01/2007;Tera;13:00:00;CE;116;371;ICO;Falta de ateno;Tombamento;Com Vtimas Feridas;Pleno dia;Crescente;Ceu Claro;Dupla;Curva;Urbano;2007;1;1;1;1;1;1;1;1
175544;11/01/2007;Segunda;12:00:00;MG;50;1.2;ARAGUARI;Outras;Sada de Pista;Com Vtimas Feridas;Pleno dia;Decrescente;Nublado;Simples;Curva;Rural;2007;4;1;3;1;1;1;4;1
175545;11/01/2007;Segunda;18:40:00;MG;381;397.4;NOVA UNIAO;Outras;Sada de Pista;Sem Vtimas;Pleno dia;Decrescente;Nublado;Simples;Curva;Rural;2007;1;1;1;1;1;1;1;1
175548;11/01/2007;Segunda;14:20:00;RJ;101;505;ANGRA DOS REIS;Falta de ateno;Coliso lateral;Com Vtimas Feridas;Pleno dia;Crescente;Nublado;Simples;Reta;Rural;2007;2;1;1;1;1;1;1;2
175550;13/01/2007;Quarta;11:10:00;MG;381;415;CAETE;Velocidade incompatvel;Sada de Pista;Com Vtimas Feridas;Pleno dia;Decrescente;Chuva;Simples;Curva;Rural;2007;14;1;12;1;1;1;13;1
175555;14/01/2007;Quinta;15:30:00;MT;70;608.8;POCONE;Defeito na via;Sada de Pista;Com Vtimas Feridas;Pleno dia;Decrescente;Chuva;Simples;Curva;Rural;2007;3;1;1;1;1;1;2;1
175556;15/01/2007;Sexta;17:50:00;RS;386;387;TRIUNFO;Falta de ateno;Coliso lateral;Sem Vtimas;Pleno dia;Crescente;Nublado;Dupla;Reta;Urbano;2007;2;1;1;1;2;1;1;2
175557;12/01/2007;Tera;10:45:00;SP;116;35;CACHOEIRA PAULISTA;Outras;Coliso com objeto fixo;Sem Vtimas;Plena noite;Crescente;Chuva;Dupla;Reta;Rural;2007;2;1;1;1;2;1;1;2
175558;11/01/2007;Segunda;20:40:00;ES;601;2.3;SERRA;Falta de ateno;Coliso traseira;Sem Vtimas;Plena noite;Decrescente;Chuva;Dupla;Reta;Urbano;2007;2;1;1;1;2;1;1;2
175561;11/01/2007;Segunda;11:25:00;SC;101;224.5;PALHOCA;No guardar distncia de segurana;Coliso traseira;Sem Vtimas;Pleno dia;Crescente;Nublado;Simples;Reta;Rural;2007;3;1;1;1;2;1;1;3
175562;11/01/2007;Segunda;18:40:00;RJ;40;92;PETROPOLIS;Velocidade incompatvel;Sada de Pista;Sem Vtimas;Pleno dia;Crescente;Nublado;Simples;Curva;Urbano;2007;1;1;1;1;1;1;1;1
175564;11/01/2007;Segunda;15:00:00;ES;101;275.9;SERRA;Velocidade incompatvel;Sada de Pista;Sem Vtimas;Pleno dia;Crescente;Chuva;Simples;Curva;Rural;2007;1;1;1;1;1;1;1;1
175565;11/01/2007;Segunda;14:15:00;MG;381;420;SABARA;Falta de ateno;Coliso frontal;Com Vtimas Feridas;Pleno dia;Crescente;Nublado;Simples;Curva;Rural;2007;7;1;1;6;1;1;7;2
175566;11/01/2007;Segunda;21:15:00;PR;373;259.7;PRUDENTOPOLIS;Outras;Atropelamento de pessoa;Com Vtimas Fatais;Plena noite;Crescente;Ignorada;Simples;Reta;Rural;2007;2;1;1;1;1;1;1;1
175570;15/01/2007;Sexta;12:00:00;BA;116;617;BREJOES;Outras;Tombamento;Sem Vtimas;Plena noite;Decrescente;Nublado;Simples;Curva;Rural;2007;1;1;1;1;1;1;1;1
175572;11/01/2007;Segunda;11:00:00;RJ;40;84;PETROPOLIS;Velocidade incompatvel;Capotamento;Sem Vtimas;Pleno dia;Crescente;Chuva;Simples;Curva;Urbano;2007;1;1;1;1;1;1;1;1
175574;14/01/2007;Quinta;14:40:00;MG;40;344.2;FELIXLANDIA;Outras;Sada de Pista;Com Vtimas Feridas;Pleno dia;Crescente;Chuva;Simples;Reta;Rural;2007;2;1;1;1;1;1;1;1
175575;14/01/2007;Quinta;17:00:00;PE;101;11.5;GOIANA;No guardar distncia de segurana;Coliso traseira;Sem Vtimas;Anoitecer;Crescente;Ceu Claro;Simples;Reta;Rural;2007;2;1;1;1;2;1;1;2
175576;15/01/2007;Sexta;17:30:00;GO;20;158.8;ALVORADA DO NORTE;Dormindo;Sada de Pista;Com Vtimas Feridas;Amanhecer;Crescente;Ceu Claro;Simples;Reta;Rural;2007;5;1;2;1;3;1;2;1
175578;11/01/2007;Segunda;17:20:00;PE;232;100.1;BEZERROS;Animais na Pista;Capotamento;Com Vtimas Feridas;Pleno dia;Decrescente;Ceu Claro;Dupla;Reta;Urbano;2007;1;1;1;1;1;1;1;1
175579;11/01/2007;Segunda;12:00:00;RJ;101;328;RIO DE JANEIRO;No guardar distncia de segurana;Coliso traseira;Sem Vtimas;Pleno dia;Crescente;Chuva;Dupla;Reta;Urbano;2007;7;1;1;1;7;1;1;6
175582;11/01/2007;Segunda;18:25:00;ES;101;268.2;SERRA;Falta de ateno;Coliso traseira;Sem Vtimas;Anoitecer;Crescente;Chuva;Mltipla;Reta;Urbano;2007;2;1;1;1;1;1;1;2
175584;13/01/2007;Quarta;15:00:00;GO;60;96.5;ANAPOLIS;Animais na Pista;Coliso traseira;Sem Vtimas;Plena noite;Decrescente;Ignorada;Dupla;Reta;Urbano;2007;2;1;1;1;1;1;1;2
175585;11/01/2007;Segunda;19:15:00;ES;101;268.2;SERRA;Outras;Coliso traseira;Sem Vtimas;Anoitecer;Crescente;Chuva;Mltipla;Curva;Urbano;2007;2;1;1;1;2;1;1;2
175586;12/01/2007;Tera;10:40:00;MG;381;501.5;IGARAPE;Outras;Tombamento;Sem Vtimas;Plena noite;Decrescente;Chuva;Dupla;Reta;Urbano;2007;1;1;1;1;1;1;1;1
175587;14/01/2007;Quinta;23:30:00;MG;40;582;OURO PRETO;Falta de ateno;Coliso com objeto fixo;Sem Vtimas;Plena noite;Decrescente;Chuva;Dupla;Curva;Rural;2007;1;1;1;1;1;1;1;1
175588;12/01/2007;Tera;17:00:00;SC;101;150;ITAPEMA;No guardar distncia de segurana;Coliso traseira;Sem Vtimas;Pleno dia;Decrescente;Ceu Claro;Dupla;Reta;Urbano;2007;2;1;1;1;2;1;1;2
175590;11/01/2007;Segunda;16:35:00;RJ;40;45.5;AREAL;Falta de ateno;Coliso traseira;Sem Vtimas;Pleno dia;Crescente;Chuva;Dupla;Reta;Rural;2007;2;1;1;1;2;1;1;2
175591;14/01/2007;Quinta;11:30:00;BA;116;19;ABARE;Animais na Pista;Tombamento;Sem Vtimas;Plena noite;Decrescente;Ignorada;Simples;Reta;Rural;2007;1;1;1;1;1;1;1;1
175592;11/01/2007;Segunda;11:40:00;RJ;40;91.7;PETROPOLIS;Velocidade incompatvel;Capotamento;Com Vtimas Feridas;Pleno dia;Crescente;Chuva;Simples;Curva;Urbano;2007;3;1;3;1;1;1;3;1
175593;12/01/2007;Tera;12:00:00;SP;101;48;UBATUBA;Ultrapassagem indevida;Coliso frontal;Com Vtimas Feridas;Pleno dia;Crescente;Ceu Claro;Simples;Reta;Urbano;2007;2;1;1;1;1;1;1;2
175597;15/01/2007;Sexta;11:20:00;ES;101;268.9;SERRA;Velocidade incompatvel;Sada de Pista;Ignorado;Plena noite;Decrescente;Nublado;Dupla;Curva;Urbano;2007;1;1;1;1;1;1;1;1
175598;11/01/2007;Segunda;23:30:00;PE;101;63;RECIFE;Ingesto de lcool;Coliso traseira;Com Vtimas Feridas;Plena noite;Crescente;Nublado;Dupla;Reta;Urbano;2007;2;1;1;1;1;1;1;2
175599;11/01/2007;Segunda;15:30:00;SC;101;234;PALHOCA;Falta de ateno;Coliso lateral;Com Vtimas Feridas;Plena noite;Decrescente;Nublado;Simples;Reta;Rural;2007;3;1;2;1;1;1;2;2
175602;11/01/2007;Segunda;18:00:00;SC;101;137;BALNEARIO CAMBORIU;Falta de ateno;Coliso traseira;Sem Vtimas;Pleno dia;Decrescente;Sol;Dupla;Reta;Urbano;2007;3;1;1;1;3;1;1;3
175603;11/01/2007;Segunda;13:00:00;MG;381;508;IGARAPE;Outras;Capotamento;Com Vtimas Feridas;Pleno dia;Decrescente;Chuva;Dupla;Curva;Rural;2007;2;1;1;1;1;1;1;1
175604;11/01/2007;Segunda;20:30:00;MG;262;823;UBERABA;Ingesto de lcool;Coliso lateral;Com Vtimas Feridas;Plena noite;Decrescente;Nublado;Simples;Reta;Rural;2007;14;1;13;1;1;1;14;3
175606;12/01/2007;Tera;17:00:00;MG;381;444.6;BELO HORIZONTE;Dormindo;Sada de Pista;Com Vtimas Feridas;Pleno dia;Crescente;Nublado;Simples;Curva;Rural;2007;3;1;1;3;1;1;3;1
175609;13/01/2007;Quarta;23:20:00;SP;381;36;ATIBAIA;Defeito na via;Danos Eventuais;Sem Vtimas;Plena noite;Decrescente;Chuva;Dupla;Reta;Rural;2007;1;1;1;1;1;1;1;1
175610;11/01/2007;Segunda;11:00:00;RJ;393;119.5;SAPUCAIA;Outras;Sada de Pista;Com Vtimas Feridas;Pleno dia;Decrescente;Chuva;Simples;Curva;Rural;2007;4;1;4;1;1;1;4;1
175611;11/01/2007;Segunda;18:00:00;ES;101;203.9;JOAO NEIVA;No guardar distncia de segurana;Coliso traseira;Com Vtimas Feridas;Pleno dia;Decrescente;Chuva;Simples;Reta;Urbano;2007;2;1;1;1;1;1;1;2
175612;11/01/2007;Segunda;11:20:00;SC;101;132;BALNEARIO CAMBORIU;Falta de ateno;Coliso traseira;Sem Vtimas;Pleno dia;Decrescente;Ceu Claro;Dupla;Reta;Urbano;2007;2;1;1;1;2;1;1;2
175613;14/01/2007;Quinta;15:55:00;MG;381;337.3;JOAO MONLEVADE;Falta de ateno;Coliso traseira;Sem Vtimas;Pleno dia;Decrescente;Chuva;Simples;Reta;Rural;2007;2;1;1;1;2;1;1;2
175615;11/01/2007;Segunda;19:50:00;SC;101;229.5;PALHOCA;Falta de ateno;Coliso Transversal;Sem Vtimas;Anoitecer;Decrescente;Ceu Claro;Simples;Reta;Rural;2007;2;1;1;1;1;1;1;2
175616;13/01/2007;Quarta;18:00:00;MG;40;509.1;RIBEIRAO DAS NEVES;Outras;Sada de Pista;Com Vtimas Feridas;Pleno dia;Crescente;Chuva;Dupla;Reta;Urbano;2007;1;1;1;1;1;1;1;1
175617;11/01/2007;Segunda;12:20:00;MG;262;549.5;LUZ;Outras;Sada de Pista;Sem Vtimas;Pleno dia;Crescente;Ceu Claro;Simples;Reta;Rural;2007;1;1;1;1;1;1;1;1
175619;12/01/2007;Tera;18:05:00;RS;386;337.9;LAJEADO;Falta de ateno;Coliso traseira;Com Vtimas Feridas;Pleno dia;Decrescente;Sol;Simples;Reta;Rural;2007;3;1;2;1;1;1;2;2
175622;14/01/2007;Quinta;15:20:00;RS;116;250.4;SAO LEOPOLDO;Falta de ateno;Coliso traseira;Sem Vtimas;Plena noite;Decrescente;Ceu Claro;Mltipla;Reta;Urbano;2007;2;1;1;1;2;1;1;2
175623;11/01/2007;Segunda;22:40:00;SC;101;192.2;BIGUACU;Outras;Sada de Pista;Com Vtimas Feridas;Plena noite;Decrescente;Chuva;Dupla;Curva;Urbano;2007;1;1;1;1;1;1;1;1
175625;15/01/2007;Sexta;10:00:00;SC;282;350.5;CAMPOS NOVOS;Falta de ateno;Coliso traseira;Sem Vtimas;Pleno dia;Decrescente;Chuva;Simples;Reta;Rural;2007;1;1;1;1;1;1;1;1
175626;15/01/2007;Sexta;18:45:00;SC;101;11;GARUVA;Falta de ateno;Capotamento;Com Vtimas Feridas;Pleno dia;Decrescente;Nublado;Dupla;Reta;Rural;2007;3;1;2;1;1;1;3;1
175628;11/01/2007;Segunda;17:50:00;PA;316;40;SANTA ISABEL DO PARA;Animais na Pista;Atropelamento de animal;Com Vtimas Feridas;Pleno dia;Decrescente;Ceu Claro;Dupla;Reta;Rural;2007;2;1;2;1;1;1;2;1
175629;15/01/2007;Sexta;16:30:00;BA;101;427;IBIRAPITANGA;Outras;Coliso traseira;Sem Vtimas;Amanhecer;Decrescente;Chuva;Simples;Reta;Rural;2007;2;1;1;1;2;1;1;2
175631;11/01/2007;Segunda;11:15:00;SC;101;133;BALNEARIO CAMBORIU;Falta de ateno;Coliso traseira;Sem Vtimas;Pleno dia;Decrescente;Ceu Claro;Dupla;Reta;Urbano;2007;2;1;1;1;2;1;1;2
175632;15/01/2007;Sexta;18:50:00;RS;287;400.7;SANTIAGO;Falta de ateno;Coliso Transversal;Com Vtimas Feridas;Pleno dia;Crescente;Nevoeiro/neblina;Simples;Cruzamento;Urbano;2007;3;1;1;1;1;1;2;2
175635;11/01/2007;Segunda;14:20:00;MG;381;415;CAETE;Velocidade incompatvel;Sada de Pista;Sem Vtimas;Pleno dia;Crescente;Chuva;Simples;Curva;Rural;2007;1;1;1;1;1;1;1;1
175641;13/01/2007;Quarta;13:30:00;RJ;101;91;CAMPOS DOS GOYTACAZES;Velocidade incompatvel;Coliso frontal;Com Vtimas Feridas;Pleno dia;Crescente;Chuva;Simples;Curva;Rural;2007;6;1;3;2;1;1;5;2
175645;15/01/2007;Sexta;19:00:00;SE;101;113.7;ITAPORANGA DAJUDA;Falta de ateno;Coliso Transversal;Sem Vtimas;Pleno dia;Decrescente;Ceu Claro;Simples;Cruzamento;Urbano;2007;7;1;1;1;7;1;1;2
175646;13/01/2007;Quarta;17:35:00;SP;116;228;SAO PAULO;Outras;Coliso traseira;Sem Vtimas;Pleno dia;Crescente;Chuva;Mltipla;Reta;Urbano;2007;3;1;1;1;2;1;1;3
175649;12/01/2007;Tera;18:45:00;PR;116;209;RIO NEGRO;Outras;Coliso lateral;Sem Vtimas;Anoitecer;Crescente;Chuva;Simples;Reta;Urbano;2007;2;1;1;1;2;1;1;2
175650;15/01/2007;Sexta;10:00:00;PE;101;69;RECIFE;Falta de ateno;Atropelamento de pessoa;Com Vtimas Feridas;Pleno dia;Decrescente;Ceu Claro;Mltipla;Reta;Urbano;2007;3;1;1;1;2;1;1;2
175653;15/01/2007;Sexta;18:30:00;BA;407;196;PONTO NOVO;Outras;Sada de Pista;Sem Vtimas;Pleno dia;Crescente;Ceu Claro;Simples;Reta;Rural;2007;2;1;1;1;2;1;1;1
175654;12/01/2007;Tera;11:00:00;RJ;101;287;ITABORAI;No guardar distncia de segurana;Coliso traseira;Sem Vtimas;Pleno dia;Crescente;Chuva;Dupla;Reta;Urbano;2007;4;1;1;1;3;1;1;4
175655;15/01/2007;Sexta;11:00:00;MG;381;660.6;PERDOES;Outras;Sada de Pista;Sem Vtimas;Pleno dia;Crescente;Chuva;Dupla;Curva;Rural;2007;1;1;1;1;1;1;1;1
175659;12/01/2007;Tera;10:30:00;CE;116;67.7;CHOROZINHO;Falta de ateno;Coliso com objeto fixo;Com Vtimas Feridas;Plena noite;Crescente;Ceu Claro;Simples;Reta;Urbano;2007;1;1;1;1;1;1;1;1
175662;15/01/2007;Sexta;10:00:00;RN;226;54.3;BOM JESUS;Outras;Capotamento;Sem Vtimas;Pleno dia;Decrescente;Chuva;Simples;Curva;Rural;2007;1;1;1;1;1;1;1;1
175663;12/01/2007;Tera;18:45:00;GO;364;205.5;JATAI;Animais na Pista;Tombamento;Com Vtimas Feridas;Anoitecer;Decrescente;Nublado;Simples;Reta;Rural;2007;2;1;1;1;1;1;2;1
175666;11/01/2007;Segunda;23:10:00;PR;476;137.9;CURITIBA;Falta de ateno;Coliso traseira;Com Vtimas Feridas;Plena noite;Crescente;Ceu Claro;Dupla;Cruzamento;Urbano;2007;3;1;1;1;2;1;1;2
175669;15/01/2007;Sexta;18:00:00;SC;101;293.5;IMBITUBA;No guardar distncia de segurana;Coliso traseira;Sem Vtimas;Pleno dia;Crescente;Ceu Claro;Simples;Reta;Rural;2007;2;1;1;1;2;1;1;2
175670;15/01/2007;Sexta;10:00:00;MG;381;734.6;TRES CORACOES;Outras;Capotamento;Sem Vtimas;Pleno dia;Decrescente;Chuva;Dupla;Curva;Rural;2007;1;1;1;1;1;1;1;1
175672;15/01/2007;Sexta;19:35:00;ES;101;168.3;LINHARES;Falta de ateno;Coliso lateral;Com Vtimas Feridas;Pleno dia;Decrescente;Nublado;Simples;Reta;Rural;2007;3;1;2;1;1;1;2;2
175673;12/01/2007;Tera;17:00:00;BA;101;84;ALAGOINHAS;Dormindo;Sada de Pista;Com Vtimas Feridas;Pleno dia;Crescente;Ceu Claro;Simples;Reta;Rural;2007;2;1;1;1;1;1;1;1
175677;11/01/2007;Segunda;21:15:00;MG;262;575;JUATUBA;Animais na Pista;Atropelamento de animal;Sem Vtimas;Plena noite;Crescente;Nublado;Simples;Reta;Rural;2007;1;1;1;1;1;1;1;1
175678;15/01/2007;Sexta;16:30:00;PE;232;24.9;MORENO;Velocidade incompatvel;Sada de Pista;Sem Vtimas;Pleno dia;Crescente;Chuva;Dupla;Curva;Rural;2007;1;1;1;1;1;1;1;1
175679;15/01/2007;Sexta;13:50:00;RS;290;23.8;SANTO ANTONIO DA PATRULHA;Velocidade incompatvel;Sada de Pista;Sem Vtimas;Pleno dia;Crescente;Chuva;Mltipla;Reta;Rural;2007;1;1;1;1;1;1;1;1
175680;15/01/2007;Sexta;10:30:00;BA;116;426.5;SANTA BARBARA;Outras;Coliso Transversal;Sem Vtimas;Pleno dia;Decrescente;Sol;Simples;Reta;Urbano;2007;2;1;1;1;2;1;1;2
175681;14/01/2007;Quinta;19:30:00;RJ;101;320;NITEROI;Outras;Coliso lateral;Sem Vtimas;Plena noite;Decrescente;Nublado;Dupla;Reta;Urbano;2007;2;1;1;1;2;1;1;2
175682;12/01/2007;Tera;16:30:00;RO;364;508;ARIQUEMES;Outras;Sada de Pista;Sem Vtimas;Amanhecer;Crescente;Chuva;Simples;Curva;Rural;2007;1;1;1;1;1;1;1;1
175683;15/01/2007;Sexta;13:20:00;RJ;465;22;RIO DE JANEIRO;Outras;Atropelamento de pessoa;Com Vtimas Feridas;Pleno dia;Crescente;Nublado;Simples;Reta;Rural;2007;2;1;1;1;1;1;1;1
175684;11/01/2007;Segunda;22:15:00;RJ;101;463;ANGRA DOS REIS;Outras;Coliso Transversal;Sem Vtimas;Plena noite;Crescente;Ceu Claro;Simples;Reta;Urbano;2007;2;1;1;1;2;1;1;2
175685;15/01/2007;Sexta;10:00:00;MG;116;161.5;PADRE PARAISO;Dormindo;Sada de Pista;Sem Vtimas;Pleno dia;Decrescente;Nublado;Simples;Curva;Rural;2007;1;1;1;1;1;1;1;1
175686;11/01/2007;Segunda;23:00:00;MG;262;442.1;NOVA SERRANA;Ingesto de lcool;Coliso lateral;Com Vtimas Feridas;Plena noite;Crescente;Nevoeiro/neblina;Simples;Curva;Rural;2007;6;1;4;1;2;1;4;3
175687;14/01/2007;Quinta;16:00:00;MG;135;625;CURVELO;Outras;Tombamento;Sem Vtimas;Pleno dia;Decrescente;Chuva;Simples;Reta;Rural;2007;1;1;1;1;1;1;1;1
175689;15/01/2007;Sexta;10:50:00;BA;101;897;CARAVELAS;Outras;Coliso traseira;Sem Vtimas;Pleno dia;Crescente;Nublado;Simples;Reta;Rural;2007;2;1;1;1;2;1;1;2
175691;15/01/2007;Sexta;10:45:00;RS;116;64.3;CAMPESTRE DA SERRA;Velocidade incompatvel;Sada de Pista;Sem Vtimas;Pleno dia;Crescente;Chuva;Simples;Curva;Rural;2007;1;1;1;1;1;1;1;1
175692;15/01/2007;Sexta;10:30:00;SC;470;9;NAVEGANTES;Falta de ateno;Coliso lateral;Com Vtimas Feridas;Pleno dia;Decrescente;Sol;Simples;Reta;Rural;2007;2;1;1;1;1;1;1;2
175693;13/01/2007;Quarta;21:30:00;SP;101;12;UBATUBA;Animais na Pista;Atropelamento de animal;Sem Vtimas;Plena noite;Crescente;Chuva;Simples;Reta;Rural;2007;1;1;1;1;1;1;1;1
175694;13/01/2007;Quarta;15:30:00;MG;40;729.3;SANTOS DUMONT;Velocidade incompatvel;Sada de Pista;Com Vtimas Feridas;Pleno dia;Crescente;Chuva;Dupla;Reta;Rural;2007;2;1;2;1;1;1;2;1
175695;15/01/2007;Sexta;17:42:00;PR;277;664.4;MEDIANEIRA;Velocidade incompatvel;Coliso com objeto fixo;Com Vtimas Feridas;Pleno dia;Decrescente;Ceu Claro;Simples;Curva;Rural;2007;2;1;2;1;1;1;2;1
175697;15/01/2007;Sexta;10:45:00;PE;428;191;PETROLINA;Falta de ateno;Coliso lateral;Sem Vtimas;Pleno dia;Crescente;Ceu Claro;Simples;Cruzamento;Urbano;2007;2;1;1;1;2;1;1;2
175698;14/01/2007;Quinta;20:40:00;RS;386;109.9;SARANDI;Falta de ateno;Sada de Pista;Com Vtimas Feridas;Plena noite;Decrescente;Chuva;Dupla;Reta;Rural;2007;1;1;1;1;1;1;1;1
175701;15/01/2007;Sexta;12:50:00;PE;232;64;POMBOS;Falta de ateno;Coliso traseira;Sem Vtimas;Pleno dia;Decrescente;Sol;Dupla;Reta;Rural;2007;2;1;1;1;2;1;1;2
175702;15/01/2007;Sexta;13:00:00;MT;364;258;JUSCIMEIRA;No guardar distncia de segurana;Coliso traseira;Sem Vtimas;Pleno dia;Decrescente;Nublado;Simples;Reta;Urbano;2007;2;1;1;1;2;1;1;2
175703;12/01/2007;Tera;10:00:00;PE;101;51;ABREU E LIMA;Outras;Coliso Transversal;Sem Vtimas;Pleno dia;Decrescente;Ceu Claro;Mltipla;Reta;Urbano;2007;2;1;1;1;2;1;1;2
175704;15/01/2007;Sexta;14:20:00;RS;116;247;SAO LEOPOLDO;Falta de ateno;Coliso lateral;Com Vtimas Feridas;Pleno dia;Crescente;Sol;Mltipla;Reta;Urbano;2007;2;1;1;1;1;1;1;2
175705;11/01/2007;Segunda;17:30:00;RJ;40;97;DUQUE DE CAXIAS;Outras;Coliso com objeto fixo;Sem Vtimas;Pleno dia;Crescente;Chuva;Simples;Curva;Rural;2007;1;1;1;1;1;1;1;1
175709;15/01/2007;Sexta;13:50:00;MG;381;909;CAMANDUCAIA;Dormindo;Coliso com objeto fixo;Com Vtimas Feridas;Pleno dia;Crescente;Chuva;Dupla;Curva;Rural;2007;4;1;4;1;1;1;4;1
175711;15/01/2007;Sexta;19:40:00;SC;116;304.5;CAPAO ALTO;Outras;Derramamento de Carga;Sem Vtimas;Plena noite;Crescente;Ceu Claro;Simples;Curva;Rural;2007;1;1;1;1;1;1;1;1
175712;15/01/2007;Sexta;13:30:00;PI;343;347.6;TERESINA;Desobedincia  sinalizao;Coliso lateral;Sem Vtimas;Pleno dia;Decrescente;Sol;Mltipla;Reta;Urbano;2007;2;1;1;1;2;1;1;2
175713;15/01/2007;Sexta;14:40:00;PR;277;433;VIRMOND;Velocidade incompatvel;Capotamento;Com Vtimas Feridas;Pleno dia;Decrescente;Nublado;Simples;Curva;Rural;2007;3;1;3;1;1;1;3;1
175714;11/01/2007;Segunda;17:40:00;PA;316;18;BENEVIDES;No guardar distncia de segurana;Coliso traseira;Sem Vtimas;Pleno dia;Decrescente;Ceu Claro;Dupla;Cruzamento;Rural;2007;3;1;1;1;3;1;1;3
175715;11/01/2007;Segunda;10:40:00;RJ;40;97.7;DUQUE DE CAXIAS;Outras;Capotamento;Sem Vtimas;Pleno dia;Crescente;Nublado;Simples;Curva;Rural;2007;1;1;1;1;1;1;1;1
175717;11/01/2007;Segunda;17:00:00;CE;222;10;CAUCAIA;Falta de ateno;Coliso com bicicleta;Com Vtimas Feridas;Pleno dia;Crescente;Ceu Claro;Simples;Reta;Urbano;2007;2;1;1;1;1;1;1;1
175719;15/01/2007;Sexta;14:30:00;PR;277;715;SANTA TEREZINHA DE ITAIPU;Outras;Sada de Pista;Sem Vtimas;Pleno dia;Decrescente;Sol;Dupla;Curva;Rural;2007;1;1;1;1;1;1;1;1
175722;15/01/2007;Sexta;10:00:00;BA;324;622.3;SALVADOR;Outras;Coliso lateral;Sem Vtimas;Pleno dia;Crescente;Chuva;Dupla;Curva;Urbano;2007;2;1;1;1;2;1;1;2
175723;15/01/2007;Sexta;10:45:00;SP;116;14.6;QUELUZ;Outras;Coliso com objeto fixo;Sem Vtimas;Pleno dia;Crescente;Chuva;Dupla;Reta;Rural;2007;1;1;1;1;1;1;1;1
175728;15/01/2007;Sexta;10:40:00;GO;20;32.1;FORMOSA;Dormindo;Capotamento;Sem Vtimas;Pleno dia;Decrescente;Sol;Simples;Curva;Rural;2007;1;1;1;1;1;1;1;1
175731;12/01/2007;Tera;12:00:00;PE;101;46;IGARASSU;Falta de ateno;Atropelamento de pessoa;Com Vtimas Feridas;Pleno dia;Crescente;Ceu Claro;Mltipla;Reta;Rural;2007;2;1;1;1;1;1;1;1