id;data_inversa;dia_semana;horario;uf;br;km;municipio;causa_acidente;tipo_acidente;classificacao_acidente;fase_dia;sentido_via;condicao_metereologica;tipo_pista;tracado_via;uso_solo;ano;pessoas;mortos;feridos_leves;feridos_graves;ilesos;ignorados;feridos;veiculos
175732;15/01/2007;Sexta;12:15:00;RO;364;199.6;PIMENTA BUENO;Falta de ateno;Coliso lateral;Com Vtimas Feridas;Pleno dia;Crescente;Chuva;Simples;Cruzamento;Urbano;2007;3;1;2;1;1;1;2;2
175733;15/01/2007;Sexta;11:20:00;MG;116;526.7;CARATINGA;Falta de ateno;Coliso Transversal;Com Vtimas Feridas;Pleno dia;Decrescente;Nublado;Dupla;Reta;Urbano;2007;2;1;1;1;1;1;1;2
175736;15/01/2007;Sexta;11:40:00;MT;158;797;BARRA DO GARCAS;Falta de ateno;Coliso traseira;Sem Vtimas;Pleno dia;Crescente;Chuva;Simples;Reta;Urbano;2007;3;1;1;1;3;1;1;3
175738;11/01/2007;Segunda;14:45:00;RJ;40;71;PETROPOLIS;Outras;Coliso com objeto fixo;Sem Vtimas;Pleno dia;Decrescente;Nevoeiro/neblina;Simples;Curva;Rural;2007;1;1;1;1;1;1;1;1
175740;15/01/2007;Sexta;14:40:00;RJ;393;187;PARAIBA DO SUL;Outras;Capotamento;Sem Vtimas;Pleno dia;Crescente;Chuva;Simples;Reta;Rural;2007;4;1;1;1;4;1;1;1
175742;15/01/2007;Sexta;11:50:00;PE;407;130.4;PETROLINA;No guardar distncia de segurana;Coliso traseira;Sem Vtimas;Pleno dia;Crescente;Sol;Simples;Reta;Urbano;2007;3;1;1;1;3;1;1;3
175744;15/01/2007;Sexta;13:35:00;SC;101;245.7;PALHOCA;Ultrapassagem indevida;Coliso traseira;Sem Vtimas;Plena noite;Decrescente;Nublado;Simples;Reta;Rural;2007;2;1;1;1;2;1;1;2
175745;15/01/2007;Sexta;14:00:00;SC;470;221.2;SAO CRISTOVAO DO SUL;Falta de ateno;Coliso com objeto fixo;Com Vtimas Feridas;Pleno dia;Crescente;Chuva;Simples;Curva;Rural;2007;3;1;3;1;1;1;3;1
175746;11/01/2007;Segunda;15:00:00;RJ;101;515;ANGRA DOS REIS;Falta de ateno;Coliso Transversal;Com Vtimas Feridas;Pleno dia;Decrescente;Nublado;Dupla;Curva;Rural;2007;3;1;1;1;2;1;1;2
175747;13/01/2007;Quarta;19:50:00;MG;40;514;RIBEIRAO DAS NEVES;Outras;Sada de Pista;Sem Vtimas;Pleno dia;Decrescente;Chuva;Dupla;Curva;Rural;2007;1;1;1;1;1;1;1;1
175748;15/01/2007;Sexta;14:00:00;MG;153;144.4;PRATA;Outras;Sada de Pista;Sem Vtimas;Pleno dia;Crescente;Chuva;Simples;Reta;Rural;2007;1;1;1;1;1;1;1;1
175750;15/01/2007;Sexta;19:40:00;SP;116;354;MIRACATU;Falta de ateno;Coliso traseira;Sem Vtimas;Pleno dia;Decrescente;Ceu Claro;Simples;Reta;Rural;2007;2;1;1;1;2;1;1;2
175752;15/01/2007;Sexta;16:00:00;RJ;116;165;RIO DE JANEIRO;Outras;Coliso traseira;Sem Vtimas;Pleno dia;Crescente;Nublado;Mltipla;Cruzamento;Urbano;2007;2;1;1;1;2;1;1;2
175753;14/01/2007;Quinta;16:20:00;MG;262;548.1;CORREGO DANTA;Outras;Sada de Pista;Sem Vtimas;Pleno dia;Crescente;Nublado;Simples;Curva;Rural;2007;1;1;1;1;1;1;1;1
175754;15/01/2007;Sexta;14:00:00;RS;116;182.3;NOVA PETROPOLIS;Defeito mecnico em veculo;Coliso com objeto fixo;Sem Vtimas;Pleno dia;Decrescente;Nublado;Simples;Curva;Rural;2007;1;1;1;1;1;1;1;1
175755;11/01/2007;Segunda;21:00:00;ES;101;259.5;SERRA;Falta de ateno;Coliso traseira;Sem Vtimas;Plena noite;Crescente;Chuva;Simples;Reta;Urbano;2007;2;1;1;1;1;1;1;2
175756;15/01/2007;Sexta;11:30:00;GO;60;68.2;ABADIANIA;Falta de ateno;Coliso traseira;Sem Vtimas;Pleno dia;Decrescente;Ceu Claro;Dupla;Reta;Rural;2007;2;1;1;1;2;1;1;2
175760;15/01/2007;Sexta;16:15:00;SC;101;275.1;IMBITUBA;No guardar distncia de segurana;Coliso lateral;Sem Vtimas;Pleno dia;Decrescente;Nublado;Simples;Reta;Rural;2007;2;1;1;1;2;1;1;2
175763;15/01/2007;Sexta;15:00:00;PR;116;75.9;QUATRO BARRAS;Outras;Sada de Pista;Sem Vtimas;Pleno dia;Decrescente;Chuva;Dupla;Reta;Urbano;2007;1;1;1;1;1;1;1;1
175764;15/01/2007;Sexta;16:10:00;SC;101;206.4;SAO JOSE;Falta de ateno;Coliso traseira;Com Vtimas Feridas;Pleno dia;Crescente;Chuva;Dupla;Reta;Urbano;2007;2;1;1;1;1;1;1;2
175765;12/01/2007;Tera;11:00:00;RJ;101;265;RIO BONITO;No guardar distncia de segurana;Coliso traseira;Sem Vtimas;Pleno dia;Crescente;Chuva;Dupla;Reta;Urbano;2007;2;1;1;1;2;1;1;2
175766;15/01/2007;Sexta;12:30:00;BA;101;836.3;ITAMARAJU;Outras;Capotamento;Sem Vtimas;Pleno dia;Decrescente;Nublado;Simples;Reta;Rural;2007;3;1;1;1;3;1;1;1
175767;15/01/2007;Sexta;15:50:00;PR;469;12.8;FOZ DO IGUACU;Falta de ateno;Coliso lateral;Com Vtimas Feridas;Pleno dia;Crescente;Sol;Simples;Reta;Urbano;2007;2;1;1;1;1;1;1;2
175769;15/01/2007;Sexta;17:00:00;SC;282;509.3;XANXERE;Falta de ateno;Tombamento;Sem Vtimas;Pleno dia;Decrescente;Ceu Claro;Simples;Reta;Rural;2007;1;1;1;1;1;1;1;1
175770;15/01/2007;Sexta;18:30:00;MG;40;531;BELO HORIZONTE;Outras;Queda de motocicleta / bicicleta / veculo;Com Vtimas Feridas;Pleno dia;Crescente;Chuva;Dupla;Reta;Urbano;2007;1;1;1;1;1;1;1;1
175771;15/01/2007;Sexta;16:10:00;MA;222;683;ACAILANDIA;No guardar distncia de segurana;Coliso traseira;Sem Vtimas;Pleno dia;Decrescente;Ceu Claro;Simples;Reta;Urbano;2007;3;1;1;1;3;1;1;3
175773;15/01/2007;Sexta;15:30:00;GO;50;280.6;CATALAO;Desobedincia  sinalizao;Coliso lateral;Com Vtimas Feridas;Pleno dia;Crescente;Chuva;Simples;Cruzamento;Urbano;2007;2;1;1;1;1;1;1;2
175774;15/01/2007;Sexta;14:30:00;RS;116;263.4;CANOAS;Outras;Coliso Transversal;Com Vtimas Feridas;Plena noite;Decrescente;Chuva;Dupla;Reta;Urbano;2007;2;1;1;1;1;1;2;2
175775;15/01/2007;Sexta;13:30:00;MT;163;752.4;SORRISO;Falta de ateno;Coliso Transversal;Com Vtimas Feridas;Pleno dia;Crescente;Sol;Simples;Reta;Urbano;2007;2;1;1;1;1;1;1;2
175776;15/01/2007;Sexta;13:00:00;PR;376;644;TIJUCAS DO SUL;Outras;Coliso traseira;Sem Vtimas;Pleno dia;Crescente;Chuva;Dupla;Reta;Rural;2007;2;1;1;1;2;1;1;2
175778;15/01/2007;Sexta;17:30:00;PB;230;171.8;CAMPINA GRANDE;Defeito na via;Coliso lateral;Sem Vtimas;Pleno dia;Crescente;Nublado;Simples;Reta;Urbano;2007;4;1;1;1;4;1;1;4
175779;15/01/2007;Sexta;16:30:00;RS;158;331.1;SANTA MARIA;Falta de ateno;Coliso Transversal;Com Vtimas Feridas;Pleno dia;Crescente;Ceu Claro;Simples;Reta;Urbano;2007;3;1;1;2;1;1;2;2
175780;15/01/2007;Sexta;10:40:00;ES;101;262.5;VITORIA;Falta de ateno;Coliso traseira;Sem Vtimas;Pleno dia;Crescente;Nublado;Dupla;Reta;Urbano;2007;2;1;1;1;1;1;1;2
175782;15/01/2007;Sexta;13:30:00;GO;153;625.4;MORRINHOS;Velocidade incompatvel;Sada de Pista;Sem Vtimas;Plena noite;Crescente;Chuva;Dupla;Curva;Rural;2007;1;1;1;1;1;1;1;1
175783;15/01/2007;Sexta;16:45:00;ES;262;2.5;CARIACICA;Falta de ateno;Coliso traseira;Sem Vtimas;Pleno dia;Crescente;Sol;Dupla;Reta;Urbano;2007;2;1;1;1;2;1;1;2
175787;15/01/2007;Sexta;17:00:00;RS;116;148.7;CAXIAS DO SUL;Falta de ateno;Coliso com objeto fixo;Sem Vtimas;Pleno dia;Decrescente;Chuva;Dupla;Reta;Urbano;2007;1;1;1;1;1;1;1;1
175788;15/01/2007;Sexta;15:36:00;MG;381;418.5;SABARA;Falta de ateno;Coliso com objeto fixo;Com Vtimas Feridas;Pleno dia;Decrescente;Chuva;Simples;Curva;Rural;2007;1;1;1;1;1;1;1;1
175790;15/01/2007;Sexta;16:40:00;MG;262;37.7;MANHUACU;Falta de ateno;Coliso Transversal;Com Vtimas Feridas;Pleno dia;Crescente;Nublado;Simples;Reta;Urbano;2007;2;1;1;1;1;1;1;2
175791;15/01/2007;Sexta;16:00:00;SC;470;114.1;IBIRAMA;Velocidade incompatvel;Coliso lateral;Sem Vtimas;Pleno dia;Crescente;Chuva;Simples;Curva;Rural;2007;2;1;1;1;2;1;1;2
175792;15/01/2007;Sexta;17:30:00;PR;116;46;CAMPINA GRANDE DO SUL;Outras;Coliso com objeto fixo;Com Vtimas Feridas;Pleno dia;Decrescente;Chuva;Dupla;Reta;Rural;2007;2;1;1;1;1;1;1;1
175793;15/01/2007;Sexta;13:00:00;PR;376;644;TIJUCAS DO SUL;Outras;Coliso Transversal;Com Vtimas Feridas;Pleno dia;Crescente;Chuva;Dupla;Curva;Rural;2007;2;1;1;1;1;1;1;2
175795;15/01/2007;Sexta;15:30:00;SP;116;144;SAO JOSE DOS CAMPOS;Outras;Coliso traseira;Com Vtimas Feridas;Pleno dia;Crescente;Chuva;Dupla;Reta;Urbano;2007;3;1;1;1;1;1;1;3
175796;12/01/2007;Tera;16:30:00;RJ;101;295;ITABORAI;Outras;Atropelamento de pessoa;Com Vtimas Feridas;Pleno dia;Crescente;Chuva;Dupla;Reta;Urbano;2007;2;1;1;1;1;1;1;1
175797;15/01/2007;Sexta;17:40:00;SC;282;207.6;LAGES;Velocidade incompatvel;Coliso com objeto fixo;Sem Vtimas;Pleno dia;Crescente;Chuva;Simples;Cruzamento;Rural;2007;1;1;1;1;1;1;1;1
175798;15/01/2007;Sexta;16:20:00;PR;277;587.4;CASCAVEL;Ingesto de lcool;Coliso lateral;Sem Vtimas;Pleno dia;Decrescente;Sol;Simples;Reta;Urbano;2007;2;1;1;1;2;1;1;2
175799;11/01/2007;Segunda;11:50:00;AP;210;1.5;MACAPA;Ingesto de lcool;Coliso com bicicleta;Com Vtimas Feridas;Pleno dia;Crescente;Sol;Dupla;Curva;Urbano;2007;2;1;1;1;1;1;2;2
175800;15/01/2007;Sexta;18:40:00;RS;101;98;OSORIO;Outras;Tombamento;Com Vtimas Feridas;Pleno dia;Decrescente;Nublado;Simples;Reta;Urbano;2007;2;1;1;1;1;1;1;1
175802;15/01/2007;Sexta;14:30:00;MG;116;733.2;LARANJAL;Falta de ateno;Coliso com bicicleta;Com Vtimas Feridas;Pleno dia;Decrescente;Nublado;Simples;Reta;Rural;2007;2;1;1;1;1;1;1;2
175803;12/01/2007;Tera;19:00:00;RN;304;33.2;MOSSORO;No guardar distncia de segurana;Coliso traseira;Sem Vtimas;Pleno dia;Crescente;Ceu Claro;Simples;Reta;Urbano;2007;3;1;1;1;3;1;1;3
175804;12/01/2007;Tera;19:30:00;RJ;101;288;ITABORAI;Outras;Coliso lateral;Sem Vtimas;Anoitecer;Crescente;Chuva;Dupla;Reta;Urbano;2007;2;1;1;1;2;1;1;2
175805;15/01/2007;Sexta;17:15:00;ES;601;1.5;VITORIA;Outras;Coliso traseira;Sem Vtimas;Pleno dia;Crescente;Nublado;Dupla;Reta;Urbano;2007;2;1;1;1;2;1;1;2
175806;15/01/2007;Sexta;18:45:00;SC;282;224.2;LAGES;Falta de ateno;Coliso traseira;Sem Vtimas;Pleno dia;Crescente;Nublado;Simples;Cruzamento;Urbano;2007;2;1;1;1;2;1;1;2
175807;15/01/2007;Sexta;16:15:00;SP;116;113.2;TAUBATE;Defeito mecnico em veculo;Coliso com objeto fixo;Sem Vtimas;Pleno dia;Crescente;Chuva;Dupla;Reta;Rural;2007;1;1;1;1;1;1;1;1
175808;14/01/2007;Quinta;15:00:00;MG;251;527.3;MONTES CLAROS;Defeito mecnico em veculo;Coliso lateral;Sem Vtimas;Pleno dia;Crescente;Nublado;Simples;Curva;Rural;2007;2;1;1;1;2;1;1;2
175809;11/01/2007;Segunda;18:20:00;MA;135;23;SAO LUIS;Falta de ateno;Coliso lateral;Sem Vtimas;Pleno dia;Crescente;Ceu Claro;Simples;Reta;Rural;2007;2;1;1;1;2;1;1;2
175810;15/01/2007;Sexta;17:00:00;BA;116;453;FEIRA DE SANTANA;Outras;Coliso traseira;Com Vtimas Feridas;Pleno dia;Decrescente;Ceu Claro;Dupla;Reta;Urbano;2007;2;1;1;1;1;1;1;2
175811;15/01/2007;Sexta;18:30:00;RS;158;308.4;ITAARA;Animais na Pista;Atropelamento de animal;Sem Vtimas;Pleno dia;Decrescente;Sol;Simples;Reta;Urbano;2007;3;1;1;1;3;1;1;1
175812;15/01/2007;Sexta;18:20:00;MG;365;626.3;UBERLANDIA;Ingesto de lcool;Atropelamento de pessoa;Com Vtimas Feridas;Pleno dia;Crescente;Nublado;Simples;Reta;Urbano;2007;2;1;1;1;1;1;1;1
175813;15/01/2007;Sexta;15:00:00;SP;116;219;GUARULHOS;Falta de ateno;Coliso traseira;Com Vtimas Feridas;Pleno dia;Decrescente;Chuva;Mltipla;Reta;Urbano;2007;1;1;1;1;1;1;1;1
175815;15/01/2007;Sexta;11:30:00;MG;135;653;CURVELO;Defeito na via;Coliso lateral;Com Vtimas Feridas;Pleno dia;Crescente;Chuva;Simples;Curva;Rural;2007;3;1;1;1;2;1;1;2
175817;15/01/2007;Sexta;12:20:00;SC;101;210;SAO JOSE;No guardar distncia de segurana;Coliso traseira;Sem Vtimas;Pleno dia;Decrescente;Ceu Claro;Dupla;Cruzamento;Urbano;2007;2;1;1;1;2;1;1;2
175818;15/01/2007;Sexta;16:55:00;SC;101;200.2;SAO JOSE;Desobedincia  sinalizao;Coliso traseira;Sem Vtimas;Pleno dia;Crescente;Nublado;Dupla;Reta;Urbano;2007;2;1;1;1;2;1;1;2
175819;15/01/2007;Sexta;15:20:00;PI;343;347;TERESINA;Falta de ateno;Coliso lateral;Sem Vtimas;Pleno dia;Crescente;Ceu Claro;Mltipla;Cruzamento;Urbano;2007;2;1;1;1;2;1;1;2
175820;15/01/2007;Sexta;10:00:00;MG;381;510.2;BRUMADINHO;Outras;Sada de Pista;Com Vtimas Feridas;Pleno dia;Crescente;Chuva;Dupla;Curva;Rural;2007;6;1;4;2;1;1;6;1
175821;15/01/2007;Sexta;10:00:00;SP;116;218.6;GUARULHOS;Falta de ateno;Coliso traseira;Sem Vtimas;Pleno dia;Decrescente;Nublado;Mltipla;Reta;Urbano;2007;2;1;1;1;2;1;1;2
175822;14/01/2007;Quinta;17:20:00;SP;153;63.9;SAO JOSE DO RIO PRETO;Defeito na via;Queda de motocicleta / bicicleta / veculo;Com Vtimas Feridas;Pleno dia;Crescente;Nublado;Dupla;Reta;Urbano;2007;1;1;1;1;1;1;1;1
175823;15/01/2007;Sexta;17:00:00;RO;364;343.5;JI-PARANA;Falta de ateno;Coliso traseira;Sem Vtimas;Pleno dia;Crescente;Ceu Claro;Simples;Reta;Urbano;2007;2;1;1;1;2;1;1;2
175824;15/01/2007;Sexta;17:40:00;RS;386;119.4;SARANDI;Falta de ateno;Coliso Transversal;Sem Vtimas;Pleno dia;Decrescente;Sol;Simples;Reta;Rural;2007;4;1;1;1;4;1;1;2
175825;15/01/2007;Sexta;13:40:00;MS;163;30.6;MUNDO NOVO;No guardar distncia de segurana;Sada de Pista;Sem Vtimas;Pleno dia;Crescente;Ceu Claro;Simples;Reta;Rural;2007;1;1;1;1;1;1;1;1
175827;11/01/2007;Segunda;17:30:00;MG;381;485;BETIM;Falta de ateno;Coliso traseira;Sem Vtimas;Pleno dia;Decrescente;Ceu Claro;Dupla;Cruzamento;Urbano;2007;2;1;1;1;2;1;1;2
175828;12/01/2007;Tera;17:10:00;RS;392;2.4;RIO GRANDE;Outras;Atropelamento de pessoa;Com Vtimas Feridas;Pleno dia;Crescente;Ceu Claro;Simples;Reta;Rural;2007;2;1;1;1;1;1;1;1
175829;15/01/2007;Sexta;14:15:00;SP;116;142;SAO JOSE DOS CAMPOS;Outras;Coliso lateral;Sem Vtimas;Pleno dia;Decrescente;Nublado;Dupla;Reta;Urbano;2007;2;1;1;1;2;1;1;2
175831;15/01/2007;Sexta;20:00:00;SC;470;56.4;BLUMENAU;Desobedincia  sinalizao;Coliso Transversal;Com Vtimas Feridas;Plena noite;Crescente;Chuva;Simples;Cruzamento;Urbano;2007;3;1;2;1;1;1;2;2
175832;15/01/2007;Sexta;17:10:00;ES;601;1.7;VITORIA;Falta de ateno;Coliso traseira;Sem Vtimas;Pleno dia;Crescente;Nublado;Dupla;Reta;Rural;2007;2;1;1;1;1;1;1;2
175833;13/01/2007;Quarta;14:55:00;GO;60;61.7;ABADIANIA;Falta de ateno;Coliso traseira;Sem Vtimas;Plena noite;Decrescente;Nevoeiro/neblina;Dupla;Reta;Urbano;2007;2;1;1;1;2;1;1;2
175834;15/01/2007;Sexta;13:00:00;MA;316;347;BACABAL;Defeito mecnico em veculo;Capotamento;Com Vtimas Feridas;Pleno dia;Crescente;Ceu Claro;Simples;Reta;Rural;2007;1;1;1;1;1;1;1;1
175836;15/01/2007;Sexta;10:20:00;MS;267;233.1;NOVA ALVORADA DO SUL;Dormindo;Tombamento;Sem Vtimas;Pleno dia;Crescente;Nublado;Simples;Reta;Rural;2007;2;1;1;1;2;1;1;1
175837;15/01/2007;Sexta;19:30:00;GO;60;189.5;GUAPO;Outras;Atropelamento de pessoa;Com Vtimas Feridas;Anoitecer;Decrescente;Nublado;Simples;Reta;Urbano;2007;2;1;1;1;1;1;1;1
175838;15/01/2007;Sexta;18:30:00;SC;470;13.8;NAVEGANTES;Falta de ateno;Coliso traseira;Com Vtimas Feridas;Pleno dia;Crescente;Chuva;Simples;Reta;Rural;2007;2;1;1;1;1;1;1;2
175839;12/01/2007;Tera;11:30:00;RJ;40;106;DUQUE DE CAXIAS;Outras;Coliso traseira;Sem Vtimas;Pleno dia;Crescente;Nublado;Mltipla;Reta;Urbano;2007;2;1;1;1;2;1;1;2
175840;15/01/2007;Sexta;16:45:00;BA;116;453;FEIRA DE SANTANA;Outras;Coliso Transversal;Com Vtimas Feridas;Pleno dia;Crescente;Sol;Mltipla;Reta;Urbano;2007;3;1;1;1;1;1;2;3
175843;15/01/2007;Sexta;18:20:00;RS;116;270.8;PORTO ALEGRE;Outras;Coliso traseira;Sem Vtimas;Pleno dia;Decrescente;Nublado;Dupla;Reta;Urbano;2007;2;1;1;1;2;1;1;2
175845;15/01/2007;Sexta;15:00:00;SC;101;344.1;TUBARAO;Ingesto de lcool;Tombamento;Com Vtimas Feridas;Pleno dia;Crescente;Chuva;Simples;Reta;Urbano;2007;1;1;1;1;1;1;1;1
175846;15/01/2007;Sexta;17:45:00;MG;381;661.7;PERDOES;Outras;Sada de Pista;Sem Vtimas;Pleno dia;Crescente;Chuva;Dupla;Curva;Rural;2007;1;1;1;1;1;1;1;1
175847;15/01/2007;Sexta;19:00:00;PI;316;310.3;PICOS;Falta de ateno;Coliso Transversal;Com Vtimas Feridas;Plena noite;Decrescente;Ceu Claro;Mltipla;Reta;Urbano;2007;2;1;1;1;1;1;1;2
175848;15/01/2007;Sexta;10:00:00;SC;101;182.7;BIGUACU;Falta de ateno;Coliso lateral;Sem Vtimas;Pleno dia;Decrescente;Nublado;Dupla;Reta;Urbano;2007;2;1;1;1;2;1;1;2
175849;15/01/2007;Sexta;10:00:00;SC;153;71.9;IRANI;Velocidade incompatvel;Sada de Pista;Sem Vtimas;Pleno dia;Crescente;Chuva;Simples;Curva;Rural;2007;1;1;1;1;1;1;1;1
175850;15/01/2007;Sexta;13:40:00;MG;381;580.1;CARMOPOLIS DE MINAS;Falta de ateno;Sada de Pista;Sem Vtimas;Pleno dia;Decrescente;Chuva;Dupla;Reta;Rural;2007;1;1;1;1;1;1;1;1
175851;12/01/2007;Tera;16:30:00;MG;262;650.2;IBIA;Defeito na via;Sada de Pista;Sem Vtimas;Amanhecer;Decrescente;Ceu Claro;Simples;Reta;Rural;2007;1;1;1;1;1;1;1;1
175852;15/01/2007;Sexta;15:45:00;RS;116;153.7;CAXIAS DO SUL;Falta de ateno;Coliso Transversal;Sem Vtimas;Pleno dia;Decrescente;Nublado;Dupla;Cruzamento;Urbano;2007;2;1;1;1;2;1;1;2
175853;15/01/2007;Sexta;15:10:00;SP;116;115.5;TAUBATE;No guardar distncia de segurana;Coliso traseira;Sem Vtimas;Pleno dia;Crescente;Nublado;Dupla;Reta;Urbano;2007;2;1;1;1;2;1;1;2
175854;15/01/2007;Sexta;19:50:00;PA;316;7;ANANINDEUA;Falta de ateno;Coliso lateral;Sem Vtimas;Plena noite;Crescente;Ceu Claro;Dupla;Reta;Urbano;2007;2;1;1;1;2;1;1;2
175855;15/01/2007;Sexta;15:30:00;BA;116;487.5;SANTO ESTEVAO;Defeito mecnico em veculo;Tombamento;Com Vtimas Feridas;Pleno dia;Crescente;Nublado;Simples;Reta;Rural;2007;5;1;2;1;3;1;2;1
175856;13/01/2007;Quarta;18:30:00;RJ;101;227;SILVA JARDIM;Outras;Sada de Pista;Sem Vtimas;Amanhecer;Decrescente;Chuva;Simples;Reta;Rural;2007;2;1;1;1;1;1;1;2
175857;15/01/2007;Sexta;17:30:00;BA;116;859;VITORIA DA CONQUISTA;Outras;Coliso traseira;Sem Vtimas;Pleno dia;Crescente;Ceu Claro;Dupla;Curva;Urbano;2007;2;1;1;1;2;1;1;2
175858;15/01/2007;Sexta;11:40:00;SP;116;199;ARUJA;Outras;Coliso lateral;Sem Vtimas;Pleno dia;Crescente;Nublado;Dupla;Reta;Urbano;2007;2;1;1;1;2;1;1;2
175860;15/01/2007;Sexta;19:10:00;RS;293;75;PIRATINI;Outras;Sada de Pista;Sem Vtimas;Pleno dia;Crescente;Chuva;Simples;Reta;Rural;2007;2;1;1;1;2;1;1;1
175861;15/01/2007;Sexta;16:15:00;RN;101;107;PARNAMIRIM;No guardar distncia de segurana;Coliso traseira;Sem Vtimas;Pleno dia;Decrescente;Ceu Claro;Dupla;Cruzamento;Urbano;2007;2;1;1;1;2;1;1;2
175862;11/01/2007;Segunda;19:50:00;GO;70;29;COCALZINHO DE GOIAS;Ultrapassagem indevida;Coliso frontal;Com Vtimas Feridas;Pleno dia;Crescente;Chuva;Simples;Reta;Rural;2007;2;1;1;1;1;1;1;2
175863;15/01/2007;Sexta;18:50:00;SP;153;65.6;SAO JOSE DO RIO PRETO;Ultrapassagem indevida;Sada de Pista;Sem Vtimas;Anoitecer;Crescente;Chuva;Simples;Reta;Urbano;2007;1;1;1;1;1;1;1;1
175864;15/01/2007;Sexta;18:40:00;PB;230;12.6;CABEDELO;Outras;Coliso traseira;Sem Vtimas;Plena noite;Decrescente;Ceu Claro;Dupla;Reta;Urbano;2007;3;1;1;1;3;1;1;3
175865;12/01/2007;Tera;18:45:00;RJ;40;109;DUQUE DE CAXIAS;Outras;Coliso traseira;Sem Vtimas;Pleno dia;Crescente;Chuva;Mltipla;Reta;Urbano;2007;2;1;1;1;2;1;1;2
175867;15/01/2007;Sexta;17:30:00;ES;101;331.9;GUARAPARI;Outras;Sada de Pista;Com Vtimas Feridas;Pleno dia;Crescente;Nublado;Simples;Reta;Rural;2007;2;1;1;1;1;1;1;2
175868;15/01/2007;Sexta;19:40:00;SE;101;107.5;SAO CRISTOVAO;Falta de ateno;Coliso traseira;Sem Vtimas;Pleno dia;Crescente;Ceu Claro;Simples;Reta;Rural;2007;2;1;1;1;2;1;1;2
175869;15/01/2007;Sexta;20:45:00;PB;104;89;REMIGIO;Animais na Pista;Atropelamento de animal;Sem Vtimas;Plena noite;Decrescente;Nublado;Simples;Reta;Urbano;2007;1;1;1;1;1;1;1;1
175870;11/01/2007;Segunda;20:30:00;MG;381;501.9;IGARAPE;Falta de ateno;Coliso lateral;Sem Vtimas;Plena noite;Crescente;Nublado;Dupla;Reta;Urbano;2007;2;1;1;1;2;1;1;2
175871;15/01/2007;Sexta;20:00:00;SP;116;313.5;SAO LOURENCO DA SERRA;No guardar distncia de segurana;Coliso traseira;Sem Vtimas;Plena noite;Decrescente;Nublado;Dupla;Reta;Urbano;2007;3;1;1;1;3;1;1;3
175872;15/01/2007;Sexta;15:02:00;SP;116;43.1;CANAS;Outras;Coliso com objeto fixo;Sem Vtimas;Pleno dia;Crescente;Nublado;Dupla;Reta;Rural;2007;1;1;1;1;1;1;1;1
175873;15/01/2007;Sexta;19:40:00;ES;101;264.5;SERRA;Falta de ateno;Coliso Transversal;Sem Vtimas;Pleno dia;Crescente;Sol;Dupla;Cruzamento;Urbano;2007;2;1;1;1;2;1;1;2
175874;15/01/2007;Sexta;19:00:00;SC;101;132;BALNEARIO CAMBORIU;Outras;Tombamento;Com Vtimas Feridas;Pleno dia;Crescente;Chuva;Dupla;Curva;Urbano;2007;3;1;1;1;1;1;2;2
175875;15/01/2007;Sexta;18:10:00;MG;381;675.9;LAVRAS;Velocidade incompatvel;Sada de Pista;Sem Vtimas;Pleno dia;Decrescente;Chuva;Dupla;Curva;Rural;2007;1;1;1;1;1;1;1;1
175876;15/01/2007;Sexta;17:00:00;MS;163;617.2;SAO GABRIEL DO OESTE;Ultrapassagem indevida;Sada de Pista;Sem Vtimas;Pleno dia;Crescente;Chuva;Simples;Reta;Urbano;2007;1;1;1;1;1;1;1;1
175877;15/01/2007;Sexta;22:10:00;SC;153;60.6;IRANI;Falta de ateno;Sada de Pista;Com Vtimas Feridas;Plena noite;Decrescente;Nublado;Simples;Curva;Rural;2007;2;1;2;1;1;1;2;1
175878;15/01/2007;Sexta;20:45:00;SC;470;58.4;BLUMENAU;Outras;Coliso lateral;Sem Vtimas;Plena noite;Decrescente;Chuva;Simples;Reta;Urbano;2007;2;1;1;1;2;1;1;2
175880;15/01/2007;Sexta;20:00:00;SC;280;142.1;MAFRA;Falta de ateno;Sada de Pista;Sem Vtimas;Anoitecer;Crescente;Chuva;Simples;Reta;Rural;2007;1;1;1;1;1;1;1;1
175882;15/01/2007;Sexta;19:30:00;MG;262;90.8;ABRE CAMPO;Outras;Sada de Pista;Com Vtimas Feridas;Plena noite;Crescente;Chuva;Simples;Curva;Rural;2007;1;1;1;1;1;1;1;1
175883;15/01/2007;Sexta;19:55:00;PA;316;5;ANANINDEUA;Falta de ateno;Danos Eventuais;Sem Vtimas;Plena noite;Crescente;Ceu Claro;Dupla;Reta;Urbano;2007;1;1;1;1;1;1;1;1