id;data_inversa;dia_semana;horario;uf;br;km;municipio;causa_acidente;tipo_acidente;classificacao_acidente;fase_dia;sentido_via;condicao_metereologica;tipo_pista;tracado_via;uso_solo;ano;pessoas;mortos;feridos_leves;feridos_graves;ilesos;ignorados;feridos;veiculos
175884;15/01/2007;Sexta;19:15:00;PR;376;674;GUARATUBA;Outras;Coliso traseira;Com Vtimas Feridas;Anoitecer;Crescente;Chuva;Dupla;Reta;Rural;2007;5;1;3;1;2;1;3;2
175885;15/01/2007;Sexta;19:15:00;BA;101;831.3;ITAMARAJU;Outras;Coliso com objeto fixo;Sem Vtimas;Plena noite;Decrescente;Ceu Claro;Simples;Reta;Rural;2007;2;1;1;1;2;1;1;2
175886;15/01/2007;Sexta;18:00:00;SC;101;37.1;JOINVILLE;Outras;Coliso com objeto fixo;Sem Vtimas;Anoitecer;Decrescente;Chuva;Dupla;Reta;Rural;2007;1;1;1;1;1;1;1;1
175887;15/01/2007;Sexta;16:00:00;ES;262;90.7;DOMINGOS MARTINS;Outras;Atropelamento de pessoa;Com Vtimas Feridas;Pleno dia;Crescente;Nublado;Simples;Curva;Urbano;2007;2;1;1;1;1;1;1;1
175888;15/01/2007;Sexta;20:30:00;MG;365;428;PATOS DE MINAS;Outras;Sada de Pista;Sem Vtimas;Plena noite;Crescente;Chuva;Simples;Curva;Rural;2007;1;1;1;1;1;1;1;1
175889;15/01/2007;Sexta;21:10:00;SC;282;501.7;XANXERE;Velocidade incompatvel;Coliso traseira;Sem Vtimas;Plena noite;Crescente;Ceu Claro;Simples;Reta;Urbano;2007;2;1;1;1;2;1;1;2
175890;15/01/2007;Sexta;22:50:00;DF;450;36;BRASILIA;Ingesto de lcool;Coliso traseira;Sem Vtimas;Plena noite;Crescente;Chuva;Dupla;Curva;Urbano;2007;2;1;1;1;2;1;1;2
175891;15/01/2007;Sexta;16:30:00;MA;316;373.6;BACABAL;Ultrapassagem indevida;Capotamento;Com Vtimas Fatais;Pleno dia;Crescente;Ceu Claro;Simples;Reta;Rural;2007;2;2;1;1;1;1;1;1
175892;15/01/2007;Sexta;14:30:00;MG;381;686;LAVRAS;Velocidade incompatvel;Tombamento;Sem Vtimas;Pleno dia;Crescente;Chuva;Dupla;Curva;Rural;2007;1;1;1;1;1;1;1;1
175893;15/01/2007;Sexta;21:40:00;ES;601;1.5;VITORIA;Outras;Coliso traseira;Sem Vtimas;Plena noite;Crescente;Nublado;Dupla;Reta;Urbano;2007;2;1;1;1;2;1;1;2
175894;15/01/2007;Sexta;22:00:00;RS;285;197.8;LAGOA VERMELHA;Desobedincia  sinalizao;Coliso Transversal;Com Vtimas Feridas;Plena noite;Crescente;Ceu Claro;Simples;Curva;Urbano;2007;3;1;1;1;2;1;1;2
175896;15/01/2007;Sexta;17:00:00;GO;60;210.3;GUAPO;Outras;Capotamento;Com Vtimas Feridas;Pleno dia;Crescente;Chuva;Simples;Curva;Rural;2007;1;1;1;1;1;1;1;1
175897;15/01/2007;Sexta;17:40:00;MG;381;484.9;BETIM;Outras;Coliso lateral;Sem Vtimas;Pleno dia;Decrescente;Chuva;Dupla;Reta;Urbano;2007;2;1;1;1;2;1;1;2
175898;15/01/2007;Sexta;20:15:00;CE;116;132.7;RUSSAS;Animais na Pista;Atropelamento de animal;Com Vtimas Feridas;Plena noite;Decrescente;Nublado;Simples;Reta;Rural;2007;5;1;1;1;4;1;1;1
175899;15/01/2007;Sexta;20:15:00;RS;287;282.2;SAO PEDRO DO SUL;Outras;Coliso lateral;Sem Vtimas;Plena noite;Crescente;Ceu Claro;Simples;Reta;Urbano;2007;5;1;1;1;5;1;1;2
175900;15/01/2007;Sexta;18:04:00;SP;116;68.1;APARECIDA;Falta de ateno;Coliso lateral;Sem Vtimas;Pleno dia;Crescente;Chuva;Dupla;Reta;Urbano;2007;2;1;1;1;2;1;1;2
175901;15/01/2007;Sexta;19:50:00;RS;386;291.3;POUSO NOVO;Falta de ateno;Coliso com objeto fixo;Sem Vtimas;Pleno dia;Decrescente;Chuva;Simples;Reta;Rural;2007;2;1;1;1;2;1;1;2
175902;13/01/2007;Quarta;14:00:00;RJ;40;49;PETROPOLIS;Outras;Coliso com objeto fixo;Sem Vtimas;Pleno dia;Decrescente;Chuva;Mltipla;Reta;Urbano;2007;1;1;1;1;1;1;1;1
175903;15/01/2007;Sexta;21:50:00;PA;10;22.4;DOM ELISEU;Animais na Pista;Atropelamento de animal;Sem Vtimas;Plena noite;Crescente;Ceu Claro;Simples;Reta;Rural;2007;1;1;1;1;1;1;1;1
175905;15/01/2007;Sexta;11:50:00;RS;290;97;PORTO ALEGRE;Outras;Coliso lateral;Sem Vtimas;Pleno dia;Crescente;Nublado;Dupla;Reta;Urbano;2007;2;1;1;1;2;1;1;2
175906;15/01/2007;Sexta;23:15:00;SC;116;15.3;MAFRA;Falta de ateno;Sada de Pista;Sem Vtimas;Plena noite;Crescente;Chuva;Simples;Reta;Rural;2007;1;1;1;1;1;1;1;1
175907;15/01/2007;Sexta;18:45:00;SC;101;39.1;JOINVILLE;Velocidade incompatvel;Coliso traseira;Sem Vtimas;Anoitecer;Crescente;Chuva;Simples;Reta;Urbano;2007;2;1;1;1;2;1;1;2
175908;14/01/2007;Quinta;19:10:00;SP;116;208;GUARULHOS;Defeito mecnico em veculo;Tombamento;Sem Vtimas;Pleno dia;Decrescente;Ceu Claro;Mltipla;Reta;Urbano;2007;1;1;1;1;1;1;1;1
175909;15/01/2007;Sexta;20:00:00;SP;116;562;BARRA DO TURVO;Outras;Capotamento;Sem Vtimas;Plena noite;Crescente;Chuva;Dupla;Curva;Rural;2007;1;1;1;1;1;1;1;1
175910;13/01/2007;Quarta;19:00:00;MG;135;634.5;CURVELO;Defeito na via;Capotamento;Sem Vtimas;Pleno dia;Decrescente;Chuva;Simples;Reta;Rural;2007;1;1;1;1;1;1;1;1
175911;14/01/2007;Quinta;19:00:00;MG;381;661.6;PERDOES;Defeito mecnico em veculo;Coliso lateral;Sem Vtimas;Anoitecer;Crescente;Nublado;Dupla;Curva;Rural;2007;2;1;1;1;2;1;1;2
175912;15/01/2007;Sexta;10:00:00;PA;316;27;BENEVIDES;Falta de ateno;Coliso com objeto mvel;Sem Vtimas;Pleno dia;Crescente;Sol;Dupla;Reta;Rural;2007;1;1;1;1;1;1;1;1
175913;15/01/2007;Sexta;20:00:00;RS;290;303;CACAPAVA DO SUL;Dormindo;Coliso lateral;Com Vtimas Feridas;Anoitecer;Crescente;Nublado;Simples;Reta;Rural;2007;4;1;1;1;2;1;2;3
175914;15/01/2007;Sexta;22:30:00;RS;116;249.9;SAO LEOPOLDO;Outras;Tombamento;Com Vtimas Feridas;Plena noite;Crescente;Nublado;Mltipla;Reta;Urbano;2007;3;1;2;1;1;1;2;1
175915;13/01/2007;Quarta;23:45:00;SC;282;30.5;RANCHO QUEIMADO;Falta de ateno;Sada de Pista;Sem Vtimas;Plena noite;Decrescente;Chuva;Dupla;Reta;Rural;2007;1;1;1;1;1;1;1;1
175916;15/01/2007;Sexta;20:00:00;RO;364;346;JI-PARANA;Falta de ateno;Coliso lateral;Sem Vtimas;Plena noite;Crescente;Nublado;Simples;Reta;Urbano;2007;2;1;1;1;2;1;1;2
175918;15/01/2007;Sexta;18:50:00;SC;101;138.9;BALNEARIO CAMBORIU;Falta de ateno;Coliso lateral;Com Vtimas Feridas;Pleno dia;Crescente;Chuva;Mltipla;Curva;Urbano;2007;2;1;1;1;1;1;1;2
175919;16/01/2007;Sbado;11:05:00;RS;290;41.3;SANTO ANTONIO DA PATRULHA;Outras;Sada de Pista;Sem Vtimas;Plena noite;Crescente;Nublado;Dupla;Reta;Rural;2007;1;1;1;1;1;1;1;1
175920;15/01/2007;Sexta;15:45:00;MG;116;180.5;PADRE PARAISO;Falta de ateno;Coliso traseira;Sem Vtimas;Pleno dia;Crescente;Ceu Claro;Simples;Reta;Urbano;2007;2;1;1;1;2;1;1;2
175921;15/01/2007;Sexta;19:40:00;PE;408;96.5;SAO LOURENCO DA MATA;Velocidade incompatvel;Coliso traseira;Sem Vtimas;Pleno dia;Crescente;Sol;Simples;Reta;Urbano;2007;2;1;1;1;2;1;1;2
175922;15/01/2007;Sexta;19:20:00;SC;101;132;BALNEARIO CAMBORIU;Velocidade incompatvel;Coliso traseira;Com Vtimas Feridas;Pleno dia;Decrescente;Ceu Claro;Dupla;Reta;Urbano;2007;6;1;1;1;5;1;1;5
175923;15/01/2007;Sexta;18:50:00;PE;101;102;CABO DE SANTO AGOSTINHO;Falta de ateno;Coliso lateral;Sem Vtimas;Plena noite;Crescente;Ignorada;Simples;Reta;Rural;2007;3;1;1;1;3;1;1;3
175924;13/01/2007;Quarta;12:00:00;MG;135;561.8;CORINTO;Outras;Sada de Pista;Com Vtimas Feridas;Pleno dia;Crescente;Chuva;Simples;Reta;Rural;2007;3;1;3;1;1;1;3;1
175925;15/01/2007;Sexta;20:00:00;PR;116;67.3;QUATRO BARRAS;Outras;Sada de Pista;Sem Vtimas;Plena noite;Decrescente;Chuva;Dupla;Curva;Urbano;2007;1;1;1;1;1;1;1;1
175926;15/01/2007;Sexta;21:00:00;RS;472;544.7;URUGUAIANA;Velocidade incompatvel;Coliso com bicicleta;Com Vtimas Feridas;Anoitecer;Decrescente;Ceu Claro;Simples;Cruzamento;Urbano;2007;2;1;1;1;1;1;1;2
175927;15/01/2007;Sexta;14:20:00;BA;101;952.3;MUCURI;Defeito na via;Tombamento;Sem Vtimas;Pleno dia;Crescente;Nublado;Simples;Reta;Rural;2007;1;1;1;1;1;1;1;1
175928;15/01/2007;Sexta;23:10:00;SC;280;63.7;JARAGUA DO SUL;Ingesto de lcool;Coliso com objeto fixo;Sem Vtimas;Plena noite;Crescente;Chuva;Dupla;Reta;Urbano;2007;1;1;1;1;1;1;1;1
175929;15/01/2007;Sexta;18:15:00;SP;116;511;CAJATI;Defeito mecnico em veculo;Tombamento;Com Vtimas Fatais;Pleno dia;Decrescente;Nublado;Simples;Reta;Rural;2007;2;2;1;1;1;1;1;1
175930;11/01/2007;Segunda;10:00:00;CE;222;12;FORTALEZA;Outras;Coliso frontal;Com Vtimas Fatais;Pleno dia;Crescente;Sol;Simples;Reta;Urbano;2007;5;2;1;2;1;1;2;2
175931;11/01/2007;Segunda;16:00:00;AP;210;48;MACAPA;Defeito mecnico em veculo;Queda de motocicleta / bicicleta / veculo;Com Vtimas Feridas;Pleno dia;Decrescente;Ceu Claro;Simples;Reta;Rural;2007;2;1;1;1;1;1;2;1
175932;15/01/2007;Sexta;21:45:00;MG;40;469;SETE LAGOAS;Outras;Tombamento;Com Vtimas Feridas;Plena noite;Crescente;Chuva;Simples;Reta;Rural;2007;1;1;1;1;1;1;1;1
175933;16/01/2007;Sbado;10:20:00;MG;262;366.4;JUATUBA;Outras;Capotamento;Sem Vtimas;Plena noite;Decrescente;Chuva;Simples;Reta;Rural;2007;1;1;1;1;1;1;1;1
175934;15/01/2007;Sexta;16:43:00;SP;116;73.3;APARECIDA;Outras;Coliso com objeto fixo;Com Vtimas Feridas;Pleno dia;Decrescente;Chuva;Dupla;Reta;Urbano;2007;2;1;1;1;1;1;1;1
175935;15/01/2007;Sexta;15:00:00;SP;381;50;ATIBAIA;Outras;Coliso lateral;Com Vtimas Feridas;Pleno dia;Crescente;Chuva;Dupla;Reta;Urbano;2007;2;1;1;1;1;1;1;2
175936;15/01/2007;Sexta;21:30:00;PR;116;125.9;FAZENDA RIO GRANDE;Falta de ateno;Coliso Transversal;Sem Vtimas;Plena noite;Decrescente;Chuva;Dupla;Reta;Urbano;2007;2;1;1;1;2;1;1;2
175937;15/01/2007;Sexta;19:30:00;MT;163;901;CLAUDIA;Outras;Sada de Pista;Com Vtimas Feridas;Anoitecer;Decrescente;Ceu Claro;Simples;Reta;Rural;2007;1;1;1;1;1;1;1;1
175938;15/01/2007;Sexta;20:45:00;MG;381;467.5;CONTAGEM;Falta de ateno;Coliso lateral;Sem Vtimas;Plena noite;Decrescente;Chuva;Dupla;Reta;Urbano;2007;2;1;1;1;2;1;1;2
175939;15/01/2007;Sexta;15:10:00;GO;40;3;VALPARAISO DE GOIAS;Falta de ateno;Coliso traseira;Sem Vtimas;Pleno dia;Crescente;Chuva;Dupla;Reta;Urbano;2007;3;1;1;1;3;1;1;3
175940;15/01/2007;Sexta;20:30:00;MA;135;7.2;SAO LUIS;Falta de ateno;Coliso lateral;Com Vtimas Feridas;Plena noite;Crescente;Ignorada;Simples;Cruzamento;Rural;2007;2;1;1;1;1;1;1;2
175941;15/01/2007;Sexta;21:50:00;PE;101;40;IGARASSU;Animais na Pista;Atropelamento de animal;Sem Vtimas;Plena noite;Crescente;Ceu Claro;Simples;Reta;Urbano;2007;1;1;1;1;1;1;1;1
175942;15/01/2007;Sexta;19:20:00;MG;381;675.8;LAVRAS;Outras;Coliso com objeto fixo;Sem Vtimas;Plena noite;Decrescente;Chuva;Dupla;Curva;Rural;2007;1;1;1;1;1;1;1;1
175943;15/01/2007;Sexta;17:55:00;DF;70;9.6;BRASILIA;Ingesto de lcool;Coliso com objeto fixo;Com Vtimas Feridas;Pleno dia;Decrescente;Chuva;Dupla;Reta;Urbano;2007;4;1;3;1;1;1;3;1
175945;16/01/2007;Sbado;10:40:00;PR;476;141.7;CURITIBA;Ingesto de lcool;Coliso traseira;Com Vtimas Feridas;Plena noite;Crescente;Nublado;Simples;Reta;Urbano;2007;3;1;1;1;2;1;1;2
175946;15/01/2007;Sexta;22:20:00;MG;153;150.8;CAMPO FLORIDO;Outras;Coliso traseira;Com Vtimas Feridas;Plena noite;Crescente;Chuva;Simples;Reta;Rural;2007;6;1;3;1;3;1;3;3
175948;15/01/2007;Sexta;21:45:00;MS;262;132.6;AGUA CLARA;Defeito mecnico em veculo;Capotamento;Com Vtimas Feridas;Plena noite;Decrescente;Chuva;Simples;Reta;Rural;2007;1;1;1;1;1;1;1;1
175949;12/01/2007;Tera;15:50:00;MG;153;245.5;FRONTEIRA;Outras;Tombamento;Com Vtimas Feridas;Plena noite;Decrescente;Chuva;Simples;Reta;Urbano;2007;4;1;1;1;3;1;1;3
175950;15/01/2007;Sexta;17:30:00;PA;222;244;MARABA;Outras;Coliso traseira;Com Vtimas Feridas;Pleno dia;Decrescente;Ceu Claro;Simples;Curva;Urbano;2007;2;1;1;1;1;1;1;2
175951;15/01/2007;Sexta;18:15:00;SP;153;75.5;BADY BASSITT;Falta de ateno;Coliso traseira;Sem Vtimas;Pleno dia;Crescente;Chuva;Simples;Cruzamento;Rural;2007;3;1;1;1;3;1;1;3
175952;16/01/2007;Sbado;10:50:00;ES;262;4.9;CARIACICA;Falta de ateno;Coliso traseira;Sem Vtimas;Plena noite;Decrescente;Ceu Claro;Mltipla;Cruzamento;Urbano;2007;3;1;1;1;3;1;1;3
175953;15/01/2007;Sexta;20:00:00;RS;116;266;CANOAS;Outras;Coliso traseira;Sem Vtimas;Pleno dia;Decrescente;Sol;Dupla;Reta;Urbano;2007;2;1;1;1;2;1;1;2
175954;15/01/2007;Sexta;18:30:00;MG;381;476;BETIM;Outras;Coliso traseira;Sem Vtimas;Pleno dia;Crescente;Chuva;Dupla;Reta;Urbano;2007;2;1;1;1;2;1;1;2
175955;15/01/2007;Sexta;18:00:00;MG;381;544.8;ITAGUARA;Outras;Sada de Pista;Sem Vtimas;Pleno dia;Crescente;Chuva;Dupla;Curva;Rural;2007;1;1;1;1;1;1;1;1
175956;16/01/2007;Sbado;12:10:00;RS;290;420.1;SAO GABRIEL;Velocidade incompatvel;Capotamento;Com Vtimas Feridas;Plena noite;Crescente;Ceu Claro;Simples;Reta;Urbano;2007;2;1;2;1;1;1;2;1
175957;16/01/2007;Sbado;10:30:00;SC;282;48;AGUAS MORNAS;Outras;Sada de Pista;Com Vtimas Feridas;Plena noite;Decrescente;Nevoeiro/neblina;Simples;Curva;Rural;2007;1;1;1;1;1;1;1;1
175958;16/01/2007;Sbado;11:30:00;PR;277;343.2;GUARAPUAVA;Falta de ateno;Coliso traseira;Sem Vtimas;Plena noite;Crescente;Ceu Claro;Simples;Reta;Urbano;2007;2;1;1;1;2;1;1;2
175959;13/01/2007;Quarta;16:50:00;PR;116;12.7;FAZENDA RIO GRANDE;Outras;Sada de Pista;Com Vtimas Fatais;Amanhecer;Decrescente;Nublado;Simples;Reta;Urbano;2007;2;1;1;1;1;1;1;1
175960;15/01/2007;Sexta;23:30:00;SP;381;68.5;MAIRIPORA;Outras;Coliso com objeto mvel;Com Vtimas Feridas;Plena noite;Decrescente;Chuva;Dupla;Reta;Rural;2007;2;1;1;1;1;1;1;2
175961;15/01/2007;Sexta;22:40:00;SE;101;77;LARANJEIRAS;Dormindo;Coliso lateral;Sem Vtimas;Plena noite;Crescente;Ceu Claro;Simples;Reta;Urbano;2007;2;1;1;1;2;1;1;2
175962;14/01/2007;Quinta;23:40:00;SP;116;213;GUARULHOS;Outras;Coliso traseira;Com Vtimas Feridas;Plena noite;Decrescente;Chuva;Mltipla;Reta;Urbano;2007;2;1;1;1;1;1;1;2
175963;14/01/2007;Quinta;18:00:00;RS;116;273.5;PORTO ALEGRE;Falta de ateno;Coliso traseira;Sem Vtimas;Pleno dia;Decrescente;Ceu Claro;Dupla;Reta;Urbano;2007;2;1;1;1;2;1;1;2
175964;15/01/2007;Sexta;20:30:00;BA;324;580;CANDEIAS;Outras;Coliso lateral;Sem Vtimas;Plena noite;Decrescente;Ceu Claro;Dupla;Reta;Rural;2007;2;1;1;1;1;1;1;2
175965;15/01/2007;Sexta;18:50:00;MG;381;496.5;SAO JOAQUIM DE BICAS;Outras;Coliso lateral;Sem Vtimas;Pleno dia;Decrescente;Chuva;Dupla;Reta;Urbano;2007;2;1;1;1;2;1;1;2
175966;15/01/2007;Sexta;17:30:00;BA;324;516;FEIRA DE SANTANA;Falta de ateno;Coliso com bicicleta;Com Vtimas Feridas;Pleno dia;Decrescente;Sol;Simples;Reta;Urbano;2007;2;1;1;1;1;1;1;2
175967;14/01/2007;Quinta;14:40:00;RS;116;263;CANOAS;Falta de ateno;Coliso lateral;Sem Vtimas;Pleno dia;Decrescente;Ceu Claro;Dupla;Reta;Urbano;2007;2;1;1;1;2;1;1;2
175968;15/01/2007;Sexta;23:30:00;PR;277;7.8;PARANAGUA;Outras;Sada de Pista;Sem Vtimas;Plena noite;Decrescente;Chuva;Dupla;Reta;Rural;2007;1;1;1;1;1;1;1;1
175969;16/01/2007;Sbado;14:30:00;SC;470;57.2;BLUMENAU;Falta de ateno;Tombamento;Com Vtimas Feridas;Plena noite;Crescente;Nublado;Simples;Curva;Urbano;2007;1;1;1;1;1;1;1;1
175970;16/01/2007;Sbado;10:45:00;SC;470;99.8;APIUNA;Falta de ateno;Coliso traseira;Sem Vtimas;Plena noite;Crescente;Nublado;Simples;Reta;Urbano;2007;2;1;1;1;2;1;1;2
175971;16/01/2007;Sbado;13:20:00;PR;277;509;GUARANIACU;Falta de ateno;Coliso Transversal;Com Vtimas Feridas;Plena noite;Crescente;Ceu Claro;Simples;Reta;Rural;2007;3;1;1;1;2;1;1;2
175972;15/01/2007;Sexta;14:05:00;MG;381;556.4;PERDOES;Outras;Coliso com objeto mvel;Sem Vtimas;Pleno dia;Decrescente;Chuva;Dupla;Curva;Rural;2007;2;1;1;1;2;1;1;2
175973;16/01/2007;Sbado;14:30:00;PR;277;17.3;PARANAGUA;Falta de ateno;Sada de Pista;Sem Vtimas;Plena noite;Decrescente;Chuva;Dupla;Reta;Rural;2007;1;1;1;1;1;1;1;1
175975;12/01/2007;Tera;16:40:00;MG;153;247;FRONTEIRA;Outras;Coliso traseira;Sem Vtimas;Amanhecer;Crescente;Chuva;Simples;Reta;Rural;2007;2;1;1;1;2;1;1;2
175976;15/01/2007;Sexta;17:15:00;MG;381;485;BETIM;Falta de ateno;Coliso traseira;Sem Vtimas;Pleno dia;Decrescente;Nublado;Dupla;Cruzamento;Urbano;2007;2;1;1;1;2;1;1;2
175977;16/01/2007;Sbado;13:00:00;MT;70;380;CAMPO VERDE;Velocidade incompatvel;Sada de Pista;Sem Vtimas;Plena noite;Decrescente;Nublado;Simples;Cruzamento;Urbano;2007;1;1;1;1;1;1;1;1
175978;15/01/2007;Sexta;23:25:00;SP;381;68.5;MAIRIPORA;Outras;Coliso com objeto fixo;Com Vtimas Feridas;Plena noite;Decrescente;Chuva;Dupla;Curva;Rural;2007;2;1;1;1;1;1;1;2
175979;15/01/2007;Sexta;17:00:00;MG;381;706.7;CARMO DA CACHOEIRA;Outras;Sada de Pista;Sem Vtimas;Pleno dia;Decrescente;Chuva;Dupla;Curva;Rural;2007;1;1;1;1;1;1;1;1
175980;15/01/2007;Sexta;19:45:00;RS;386;291.3;POUSO NOVO;Outras;Sada de Pista;Com Vtimas Feridas;Pleno dia;Decrescente;Chuva;Simples;Reta;Rural;2007;2;1;2;1;1;1;2;1
175982;15/01/2007;Sexta;17:50:00;BA;324;619.1;SALVADOR;Outras;Coliso lateral;Sem Vtimas;Anoitecer;Crescente;Nublado;Dupla;Reta;Urbano;2007;2;1;1;1;2;1;1;2
175983;12/01/2007;Tera;16:45:00;MG;365;141;VARZEA DA PALMA;Outras;Sada de Pista;Com Vtimas Feridas;Amanhecer;Crescente;Nublado;Simples;Curva;Urbano;2007;1;1;1;1;1;1;1;1
175984;15/01/2007;Sexta;19:20:00;BA;324;514.2;FEIRA DE SANTANA;Falta de ateno;Coliso lateral;Sem Vtimas;Plena noite;Crescente;Ceu Claro;Simples;Cruzamento;Urbano;2007;3;1;1;1;3;1;1;2
175985;11/01/2007;Segunda;22:00:00;PA;316;10;ANANINDEUA;Ingesto de lcool;Atropelamento de pessoa;Com Vtimas Feridas;Plena noite;Decrescente;Ceu Claro;Dupla;Reta;Urbano;2007;2;1;1;1;1;1;1;1
175988;15/01/2007;Sexta;22:10:00;PB;230;279.5;SANTA LUZIA;Velocidade incompatvel;Sada de Pista;Sem Vtimas;Plena noite;Crescente;Ceu Claro;Simples;Curva;Rural;2007;4;1;1;1;4;1;1;1
175989;16/01/2007;Sbado;14:15:00;SC;282;380.9;JOACABA;Falta de ateno;Coliso Transversal;Com Vtimas Fatais;Plena noite;Decrescente;Ceu Claro;Dupla;Reta;Urbano;2007;2;1;1;1;1;1;1;2
175990;16/01/2007;Sbado;12:05:00;RS;116;340.4;BARRA DO RIBEIRO;Dormindo;Coliso Transversal;Com Vtimas Feridas;Plena noite;Crescente;Chuva;Simples;Reta;Rural;2007;2;1;1;1;1;1;1;2
175991;16/01/2007;Sbado;12:08:00;RS;116;340.4;BARRA DO RIBEIRO;Outras;Coliso com objeto fixo;Sem Vtimas;Plena noite;Decrescente;Chuva;Simples;Reta;Rural;2007;1;1;1;1;1;1;1;1
175992;15/01/2007;Sexta;17:50:00;MG;116;278;TEOFILO OTONI;Outras;Tombamento;Com Vtimas Feridas;Pleno dia;Decrescente;Nublado;Simples;Cruzamento;Urbano;2007;1;1;1;1;1;1;1;1
175993;16/01/2007;Sbado;11:00:00;PR;277;553.5;CASCAVEL;Outras;Coliso frontal;Com Vtimas Feridas;Plena noite;Decrescente;Ceu Claro;Simples;Reta;Rural;2007;18;1;9;8;1;1;17;3
175994;16/01/2007;Sbado;14:30:00;SC;282;529.4;CORDILHEIRA ALTA;Velocidade incompatvel;Capotamento;Com Vtimas Feridas;Plena noite;Decrescente;Nublado;Simples;Curva;Urbano;2007;2;1;1;1;1;1;2;1
175995;16/01/2007;Sbado;15:45:00;BA;116;865;VITORIA DA CONQUISTA;Outras;Tombamento;Sem Vtimas;Amanhecer;Crescente;Ceu Claro;Simples;Reta;Rural;2007;1;1;1;1;1;1;1;1
175996;15/01/2007;Sexta;11:15:00;SC;101;213.8;PALHOCA;Falta de ateno;Coliso traseira;Com Vtimas Feridas;Plena noite;Crescente;Chuva;Dupla;Reta;Urbano;2007;3;1;1;1;2;1;1;2
175997;15/01/2007;Sexta;15:30:00;MA;10;141;PORTO FRANCO;Outras;Capotamento;Com Vtimas Feridas;Plena noite;Crescente;Sol;Simples;Reta;Rural;2007;2;1;1;1;1;1;1;2
175998;16/01/2007;Sbado;12:00:00;RO;364;43.5;VILHENA;Outras;Capotamento;Sem Vtimas;Plena noite;Crescente;Nevoeiro/neblina;Simples;Curva;Rural;2007;6;1;1;1;6;1;1;1
175999;16/01/2007;Sbado;12:00:00;PR;476;126.2;CURITIBA;Outras;Sada de Pista;Sem Vtimas;Plena noite;Decrescente;Chuva;Dupla;Reta;Urbano;2007;1;1;1;1;1;1;1;1
176000;16/01/2007;Sbado;16:00:00;PR;277;597.3;CASCAVEL;Falta de ateno;Coliso Transversal;Com Vtimas Feridas;Amanhecer;Decrescente;Ceu Claro;Simples;Reta;Urbano;2007;7;1;6;1;1;1;7;2
176001;15/01/2007;Sexta;15:30:00;MG;381;419;SABARA;Falta de ateno;Coliso traseira;Sem Vtimas;Pleno dia;Decrescente;Chuva;Simples;Reta;Rural;2007;2;1;1;1;2;1;1;2
176003;16/01/2007;Sbado;10:40:00;PR;376;676;GUARATUBA;Outras;Sada de Pista;Sem Vtimas;Plena noite;Crescente;Chuva;Dupla;Curva;Rural;2007;1;1;1;1;1;1;1;1
176004;15/01/2007;Sexta;20:05:00;AL;101;165.5;TEOTONIO VILELA;Falta de ateno;Coliso com objeto mvel;Com Vtimas Feridas;Plena noite;Decrescente;Ceu Claro;Simples;Reta;Rural;2007;4;1;1;1;3;1;1;2
176005;12/01/2007;Tera;19:00:00;MG;135;603.1;CURVELO;Outras;Coliso traseira;Sem Vtimas;Pleno dia;Decrescente;Nublado;Simples;Reta;Rural;2007;3;1;1;1;3;1;1;3
176006;16/01/2007;Sbado;15:50:00;SP;116;212;GUARULHOS;Outras;Capotamento;Com Vtimas Feridas;Amanhecer;Crescente;Nublado;Mltipla;Reta;Urbano;2007;2;1;1;1;1;1;1;2
176007;15/01/2007;Sexta;23:00:00;PE;423;63.2;LAJEDO;Animais na Pista;Atropelamento de animal;Com Vtimas Feridas;Plena noite;Crescente;Ceu Claro;Simples;Reta;Rural;2007;3;1;1;1;2;1;1;1
176009;16/01/2007;Sbado;13:30:00;BA;101;170.5;FEIRA DE SANTANA;Outras;Tombamento;Sem Vtimas;Plena noite;Decrescente;Ceu Claro;Simples;Reta;Rural;2007;1;1;1;1;1;1;1;1
176011;16/01/2007;Sbado;15:30:00;MG;116;179.1;PADRE PARAISO;Falta de ateno;Coliso traseira;Sem Vtimas;Amanhecer;Crescente;Ceu Claro;Simples;Reta;Urbano;2007;2;1;1;1;2;1;1;2
176013;12/01/2007;Tera;16:50:00;MG;381;467.8;CONTAGEM;Falta de ateno;Coliso traseira;Sem Vtimas;Pleno dia;Decrescente;Chuva;Dupla;Reta;Urbano;2007;3;1;1;1;3;1;1;3
176014;12/01/2007;Tera;17:55:00;GO;60;133.6;ANAPOLIS;Falta de ateno;Coliso traseira;Sem Vtimas;Pleno dia;Crescente;Chuva;Dupla;Reta;Rural;2007;2;1;1;1;2;1;1;2
176016;12/01/2007;Tera;18:20:00;PR;116;48;CAMPINA GRANDE DO SUL;Outras;Sada de Pista;Com Vtimas Feridas;Pleno dia;Decrescente;Chuva;Dupla;Curva;Rural;2007;1;1;1;1;1;1;1;1