id;data_inversa;dia_semana;horario;uf;br;km;municipio;causa_acidente;tipo_acidente;classificacao_acidente;fase_dia;sentido_via;condicao_metereologica;tipo_pista;tracado_via;uso_solo;ano;pessoas;mortos;feridos_leves;feridos_graves;ilesos;ignorados;feridos;veiculos
176322;17/01/2007;Domingo;11:50:00;RS;386;348;ESTRELA;Velocidade incompatvel;Coliso com objeto fixo;Sem Vtimas;Plena noite;Decrescente;Ceu Claro;Dupla;Reta;Urbano;2007;1;1;1;1;1;1;1;1
176323;16/01/2007;Sbado;22:00:00;MG;50;119;UBERABA;Ultrapassagem indevida;Coliso traseira;Sem Vtimas;Plena noite;Decrescente;Nublado;Dupla;Curva;Rural;2007;2;1;1;1;2;1;1;2
176324;16/01/2007;Sbado;18:00:00;ES;101;458;MIMOSO DO SUL;Falta de ateno;Coliso lateral;Sem Vtimas;Pleno dia;Decrescente;Sol;Simples;Reta;Rural;2007;2;1;1;1;2;1;1;2
176325;16/01/2007;Sbado;23:30:00;SC;101;371;ICARA;Outras;Coliso traseira;Com Vtimas Feridas;Plena noite;Crescente;Nublado;Simples;Reta;Urbano;2007;2;1;1;1;1;1;2;1
176326;16/01/2007;Sbado;19:15:00;PE;101;69.5;RECIFE;Falta de ateno;Coliso traseira;Com Vtimas Feridas;Plena noite;Crescente;Ceu Claro;Dupla;Reta;Urbano;2007;2;1;1;1;1;1;1;2
176327;16/01/2007;Sbado;18:30:00;SC;282;45.4;AGUAS MORNAS;Velocidade incompatvel;Coliso com objeto fixo;Sem Vtimas;Anoitecer;Decrescente;Nublado;Simples;Curva;Rural;2007;1;1;1;1;1;1;1;1
176328;17/01/2007;Domingo;11:50:00;SP;116;271.1;TABOAO DA SERRA;Defeito mecnico em veculo;Coliso com objeto fixo;Sem Vtimas;Pleno dia;Decrescente;Ceu Claro;Dupla;Reta;Urbano;2007;1;1;1;1;1;1;1;1
176329;16/01/2007;Sbado;23:15:00;RS;116;82;CAMPESTRE DA SERRA;Velocidade incompatvel;Sada de Pista;Sem Vtimas;Plena noite;Crescente;Ceu Claro;Simples;Curva;Rural;2007;1;1;1;1;1;1;1;1
176330;16/01/2007;Sbado;19:00:00;SC;470;144;RIO DO SUL;Falta de ateno;Atropelamento de pessoa;Com Vtimas Feridas;Pleno dia;Decrescente;Nublado;Simples;Curva;Urbano;2007;3;1;2;1;1;1;3;1
176331;16/01/2007;Sbado;13:20:00;BA;116;486;ANTONIO CARDOSO;Falta de ateno;Coliso traseira;Com Vtimas Feridas;Pleno dia;Decrescente;Nublado;Simples;Reta;Rural;2007;54;1;8;1;46;1;8;2
176332;14/01/2007;Quinta;11:06:00;SP;116;219;GUARULHOS;Falta de ateno;Coliso traseira;Sem Vtimas;Pleno dia;Crescente;Nublado;Mltipla;Reta;Urbano;2007;2;1;1;1;2;1;1;2
176333;16/01/2007;Sbado;14:30:00;MG;365;319.9;SAO GONCALO DO ABAETE;Outras;Coliso frontal;Sem Vtimas;Pleno dia;Decrescente;Chuva;Simples;Reta;Rural;2007;2;1;1;1;2;1;1;2
176335;17/01/2007;Domingo;12:15:00;ES;262;6.5;CARIACICA;Outras;Coliso lateral;Sem Vtimas;Plena noite;Crescente;Nublado;Mltipla;Reta;Urbano;2007;2;1;1;1;2;1;1;2
176336;17/01/2007;Domingo;11:13:00;SP;116;51.4;LORENA;Outras;Atropelamento de pessoa;Com Vtimas Fatais;Plena noite;Decrescente;Nublado;Dupla;Reta;Urbano;2007;2;1;1;1;1;1;1;1
176338;17/01/2007;Domingo;12:30:00;SC;101;195.9;BIGUACU;Falta de ateno;Coliso Transversal;Com Vtimas Feridas;Plena noite;Decrescente;Nublado;Dupla;Reta;Urbano;2007;2;1;1;2;1;1;2;2
176339;16/01/2007;Sbado;21:30:00;BA;101;404.5;IBIRAPITANGA;Outras;Tombamento;Com Vtimas Feridas;Plena noite;Crescente;Nublado;Simples;Curva;Rural;2007;2;1;1;1;1;1;2;1
176340;12/01/2007;Tera;15:40:00;SC;101;212;PALHOCA;Falta de ateno;Coliso traseira;Sem Vtimas;Pleno dia;Crescente;Sol;Dupla;Reta;Urbano;2007;2;1;1;1;2;1;1;2
176342;16/01/2007;Sbado;12:30:00;MS;163;370;NOVA ALVORADA DO SUL;Falta de ateno;Coliso traseira;Sem Vtimas;Pleno dia;Decrescente;Ceu Claro;Simples;Reta;Rural;2007;9;1;1;1;9;1;1;2
176344;15/01/2007;Sexta;19:30:00;MG;251;325.7;SALINAS;Outras;Coliso traseira;Com Vtimas Feridas;Pleno dia;Crescente;Sol;Simples;Reta;Rural;2007;2;1;1;1;1;1;1;2
176345;16/01/2007;Sbado;18:00:00;MG;381;712.1;CARMO DA CACHOEIRA;Ultrapassagem indevida;Coliso com objeto fixo;Com Vtimas Feridas;Pleno dia;Decrescente;Chuva;Dupla;Curva;Urbano;2007;5;1;2;2;1;1;4;2
176346;16/01/2007;Sbado;17:30:00;TO;153;432;MIRACEMA DO TOCANTINS;Outras;Sada de Pista;Com Vtimas Fatais;Anoitecer;Crescente;Chuva;Simples;Curva;Rural;2007;5;1;2;2;1;1;4;1
176347;16/01/2007;Sbado;21:30:00;RS;116;266.3;CANOAS;Falta de ateno;Coliso traseira;Sem Vtimas;Plena noite;Decrescente;Ceu Claro;Dupla;Reta;Urbano;2007;2;1;1;1;2;1;1;2
176348;17/01/2007;Domingo;12:00:00;RS;285;373.5;SANTA BARBARA DO SUL;Outras;Capotamento;Com Vtimas Feridas;Plena noite;Decrescente;Ceu Claro;Simples;Curva;Rural;2007;3;1;2;1;1;1;2;1
176349;16/01/2007;Sbado;23:00:00;MA;10;257.7;IMPERATRIZ;Falta de ateno;Coliso traseira;Com Vtimas Feridas;Plena noite;Decrescente;Ignorada;Simples;Reta;Urbano;2007;2;1;1;1;1;1;1;2
176350;16/01/2007;Sbado;17:30:00;SP;116;407;JUQUIA;Outras;Atropelamento de pessoa;Com Vtimas Feridas;Pleno dia;Decrescente;Nublado;Dupla;Reta;Rural;2007;2;1;1;1;1;1;1;1
176351;16/01/2007;Sbado;14:20:00;SC;101;383;ICARA;Desobedincia  sinalizao;Coliso Transversal;Com Vtimas Feridas;Pleno dia;Crescente;Ceu Claro;Simples;Curva;Urbano;2007;4;1;1;2;1;1;3;2
176352;17/01/2007;Domingo;13:45:00;SP;116;81.9;ROSEIRA;Falta de ateno;Coliso traseira;Sem Vtimas;Plena noite;Crescente;Ceu Claro;Dupla;Reta;Urbano;2007;2;1;1;1;2;1;1;2
176353;12/01/2007;Tera;13:30:00;MG;381;400;NOVA UNIAO;Outras;Coliso traseira;Sem Vtimas;Pleno dia;Decrescente;Ceu Claro;Simples;Curva;Rural;2007;2;1;1;1;2;1;1;2
176354;16/01/2007;Sbado;21:30:00;MT;364;463.9;VARZEA GRANDE;Outras;Coliso frontal;Com Vtimas Fatais;Plena noite;Decrescente;Ignorada;Simples;Reta;Rural;2007;4;3;1;1;1;1;1;2
176355;11/01/2007;Segunda;22:00:00;GO;414;427;ANAPOLIS;Outras;Sada de Pista;Sem Vtimas;Plena noite;Crescente;Nublado;Simples;Reta;Rural;2007;1;1;1;1;1;1;1;1
176356;16/01/2007;Sbado;22:00:00;PR;476;125.1;CURITIBA;Desobedincia  sinalizao;Coliso lateral;Sem Vtimas;Plena noite;Decrescente;Ignorada;Mltipla;Cruzamento;Urbano;2007;2;1;1;1;2;1;1;2
176357;17/01/2007;Domingo;12:35:00;MG;267;42.4;MARIPA DE MINAS;Defeito na via;Capotamento;Com Vtimas Feridas;Plena noite;Crescente;Nublado;Simples;Reta;Rural;2007;2;1;2;1;1;1;2;1
176358;15/01/2007;Sexta;15:05:00;MG;381;839;POUSO ALEGRE;Falta de ateno;Coliso traseira;Com Vtimas Feridas;Pleno dia;Crescente;Chuva;Dupla;Reta;Urbano;2007;3;1;1;1;2;1;1;2
176359;17/01/2007;Domingo;10:20:00;MG;116;661.9;SAO FRANCISCO DO GLORIA;Outras;Sada de Pista;Com Vtimas Feridas;Plena noite;Crescente;Nublado;Simples;Curva;Rural;2007;1;1;1;1;1;1;1;1
176360;17/01/2007;Domingo;13:10:00;SE;101;80.8;LARANJEIRAS;Outras;Coliso lateral;Sem Vtimas;Plena noite;Crescente;Ceu Claro;Simples;Reta;Rural;2007;1;1;1;1;1;1;1;1
176362;16/01/2007;Sbado;17:45:00;MG;40;76;PARACATU;Defeito mecnico em veculo;Tombamento;Com Vtimas Feridas;Pleno dia;Decrescente;Chuva;Simples;Reta;Rural;2007;2;1;1;1;1;1;1;1
176364;17/01/2007;Domingo;14:48:00;SP;116;70.9;APARECIDA;Falta de ateno;Coliso com objeto mvel;Sem Vtimas;Plena noite;Crescente;Nublado;Dupla;Curva;Urbano;2007;1;1;1;1;1;1;1;1
176366;16/01/2007;Sbado;23:00:00;MG;50;118.7;UBERABA;Falta de ateno;Sada de Pista;Com Vtimas Feridas;Plena noite;Crescente;Nublado;Dupla;Curva;Rural;2007;2;1;1;2;1;1;2;1
176368;17/01/2007;Domingo;14:50:00;ES;101;166;LINHARES;Falta de ateno;Sada de Pista;Sem Vtimas;Plena noite;Crescente;Chuva;Simples;Reta;Rural;2007;1;1;1;1;1;1;1;1
176369;17/01/2007;Domingo;15:00:00;RS;101;34.7;TRES CACHOEIRAS;Outras;Capotamento;Com Vtimas Feridas;Amanhecer;Crescente;Ceu Claro;Simples;Curva;Rural;2007;1;1;1;1;1;1;1;1
176370;13/01/2007;Quarta;18:40:00;MG;365;75.5;JEQUITAI;Outras;Tombamento;Sem Vtimas;Anoitecer;Crescente;Nevoeiro/neblina;Simples;Reta;Rural;2007;1;1;1;1;1;1;1;1
176371;13/01/2007;Quarta;18:40:00;CE;116;6.9;FORTALEZA;Outras;Coliso traseira;Sem Vtimas;Pleno dia;Crescente;Chuva;Simples;Curva;Urbano;2007;2;1;1;1;2;1;1;2
176373;17/01/2007;Domingo;14:20:00;RO;364;342;JI-PARANA;Desobedincia  sinalizao;Queda de motocicleta / bicicleta / veculo;Com Vtimas Feridas;Plena noite;Decrescente;Ceu Claro;Simples;Reta;Urbano;2007;1;1;1;1;1;1;1;1
176374;14/01/2007;Quinta;20:30:00;RS;116;264;CANOAS;Outras;Coliso com objeto fixo;Com Vtimas Feridas;Anoitecer;Decrescente;Nublado;Mltipla;Reta;Urbano;2007;2;1;1;1;1;1;1;2
176376;15/01/2007;Sexta;17:40:00;SP;381;86;SAO PAULO;Outras;Coliso traseira;Com Vtimas Feridas;Pleno dia;Crescente;Chuva;Mltipla;Reta;Urbano;2007;2;1;2;1;1;1;2;2
176377;17/01/2007;Domingo;14:30:00;BA;242;765;BARREIRAS;Outras;Capotamento;Sem Vtimas;Amanhecer;Crescente;Ceu Claro;Simples;Reta;Rural;2007;4;1;1;1;4;1;1;1
176378;16/01/2007;Sbado;23:00:00;RR;401;1;BOA VISTA;Desobedincia  sinalizao;Sada de Pista;Com Vtimas Feridas;Plena noite;Decrescente;Ceu Claro;Dupla;Cruzamento;Urbano;2007;2;1;1;1;1;1;2;1
176379;16/01/2007;Sbado;20:00:00;PA;316;13;MARITUBA;Outras;Coliso Transversal;Sem Vtimas;Plena noite;Crescente;Ignorada;Dupla;Reta;Urbano;2007;2;1;1;1;2;1;1;2
176380;17/01/2007;Domingo;16:30:00;SC;282;631.4;DESCANSO;Outras;Capotamento;Sem Vtimas;Amanhecer;Crescente;Ceu Claro;Simples;Curva;Rural;2007;1;1;1;1;1;1;1;1
176381;13/01/2007;Quarta;15:50:00;PR;277;602.8;SANTA TEREZA DO OESTE;Falta de ateno;Coliso lateral;Sem Vtimas;Amanhecer;Crescente;Chuva;Dupla;Curva;Rural;2007;2;1;1;1;2;1;1;2
176382;13/01/2007;Quarta;20:00:00;RN;226;145.4;CURRAIS NOVOS;Outras;Capotamento;Com Vtimas Feridas;Plena noite;Crescente;Ignorada;Simples;Reta;Rural;2007;2;1;1;2;1;1;2;1
176383;13/01/2007;Quarta;18:00:00;GO;153;11.3;PORANGATU;Outras;Sada de Pista;Com Vtimas Feridas;Anoitecer;Crescente;Chuva;Simples;Reta;Rural;2007;1;1;1;1;1;1;1;1
176385;16/01/2007;Sbado;16:00:00;SE;101;121.2;ITAPORANGA DAJUDA;No guardar distncia de segurana;Coliso traseira;Com Vtimas Feridas;Amanhecer;Crescente;Nublado;Simples;Reta;Rural;2007;4;1;1;1;3;1;1;2
176386;16/01/2007;Sbado;17:15:00;AC;364;192;BUJARI;Defeito na via;Sada de Pista;Com Vtimas Feridas;Pleno dia;Crescente;Nublado;Simples;Reta;Rural;2007;2;1;1;2;1;1;2;1
176387;13/01/2007;Quarta;16:00:00;MG;381;439;SABARA;Outras;Coliso frontal;Sem Vtimas;Pleno dia;Decrescente;Ceu Claro;Simples;Reta;Urbano;2007;2;1;1;1;2;1;1;2
176388;16/01/2007;Sbado;19:10:00;MG;153;63;MONTE ALEGRE DE MINAS;Defeito na via;Coliso com objeto mvel;Sem Vtimas;Pleno dia;Crescente;Chuva;Simples;Reta;Rural;2007;2;1;1;1;2;1;1;2
176389;13/01/2007;Quarta;14:40:00;CE;116;5.5;FORTALEZA;Outras;Coliso com bicicleta;Com Vtimas Feridas;Pleno dia;Crescente;Sol;Simples;Curva;Urbano;2007;2;1;1;1;1;1;1;2
176390;17/01/2007;Domingo;14:45:00;BA;116;761;MANOEL VITORINO;Falta de ateno;Coliso frontal;Sem Vtimas;Amanhecer;Crescente;Nublado;Simples;Reta;Rural;2007;2;1;1;1;2;1;1;2
176392;13/01/2007;Quarta;19:40:00;MG;40;730.5;OLIVEIRA FORTES;Velocidade incompatvel;Sada de Pista;Com Vtimas Feridas;Pleno dia;Decrescente;Chuva;Dupla;Reta;Rural;2007;2;1;1;1;1;1;2;1
176394;16/01/2007;Sbado;14:40:00;MG;381;344;JOAO MONLEVADE;Outras;Coliso lateral;Sem Vtimas;Amanhecer;Crescente;Nublado;Simples;Curva;Rural;2007;2;1;1;1;2;1;1;2
176396;11/01/2007;Segunda;23:00:00;DF;40;4.4;BRASILIA;Defeito na via;Sada de Pista;Com Vtimas Feridas;Plena noite;Decrescente;Chuva;Dupla;Reta;Urbano;2007;2;1;1;1;1;1;1;1
176397;16/01/2007;Sbado;13:00:00;SP;116;471.8;JACUPIRANGA;Outras;Tombamento;Sem Vtimas;Plena noite;Decrescente;Chuva;Dupla;Reta;Rural;2007;1;1;1;1;1;1;1;1
176399;13/01/2007;Quarta;21:00:00;MG;40;524.1;CONTAGEM;Defeito na via;Danos Eventuais;Sem Vtimas;Plena noite;Crescente;Nublado;Dupla;Curva;Urbano;2007;1;1;1;1;1;1;1;1
176400;17/01/2007;Domingo;17:40:00;SC;101;168.9;TIJUCAS;Outras;Coliso com objeto fixo;Sem Vtimas;Pleno dia;Crescente;Nublado;Dupla;Reta;Rural;2007;1;1;1;1;1;1;1;1
176402;15/01/2007;Sexta;11:56:00;SE;101;88.5;NOSSA SENHORA DO SOCORRO;Defeito na via;Tombamento;Com Vtimas Feridas;Plena noite;Crescente;Nublado;Simples;Reta;Rural;2007;2;1;1;1;1;1;1;1
176403;15/01/2007;Sexta;17:20:00;RS;116;223.8;DOIS IRMAOS;Falta de ateno;Coliso Transversal;Com Vtimas Feridas;Pleno dia;Decrescente;Nublado;Mltipla;Reta;Rural;2007;2;1;1;1;1;1;1;2
176404;16/01/2007;Sbado;15:40:00;BA;135;45;BARREIRAS;Defeito na via;Sada de Pista;Com Vtimas Feridas;Pleno dia;Decrescente;Ceu Claro;Simples;Reta;Rural;2007;4;1;3;1;1;1;3;1
176405;17/01/2007;Domingo;19:10:00;RS;290;19.2;SANTO ANTONIO DA PATRULHA;Falta de ateno;Coliso lateral;Com Vtimas Feridas;Pleno dia;Decrescente;Nublado;Dupla;Reta;Rural;2007;4;1;2;1;2;1;2;2
176406;13/01/2007;Quarta;17:00:00;MG;116;795.2;ALEM PARAIBA;Falta de ateno;Coliso com objeto fixo;Sem Vtimas;Pleno dia;Decrescente;Chuva;Simples;Curva;Rural;2007;1;1;1;1;1;1;1;1
176407;17/01/2007;Domingo;10:50:00;GO;40;3;VALPARAISO DE GOIAS;Ingesto de lcool;Coliso Transversal;Sem Vtimas;Plena noite;Decrescente;Chuva;Dupla;Reta;Urbano;2007;3;1;1;1;2;1;1;3
176408;17/01/2007;Domingo;10:05:00;SC;101;74.3;ARAQUARI;Falta de ateno;Capotamento;Com Vtimas Feridas;Plena noite;Crescente;Nublado;Dupla;Reta;Rural;2007;1;1;1;1;1;1;1;1
176409;14/01/2007;Quinta;16:00:00;RS;293;203.9;DOM PEDRITO;Velocidade incompatvel;Sada de Pista;Com Vtimas Feridas;Pleno dia;Decrescente;Chuva;Simples;Curva;Rural;2007;4;1;4;1;1;1;4;1
176410;13/01/2007;Quarta;21:01:00;MG;40;524.1;CONTAGEM;Defeito na via;Danos Eventuais;Sem Vtimas;Plena noite;Crescente;Nublado;Dupla;Curva;Urbano;2007;1;1;1;1;1;1;1;1
176411;13/01/2007;Quarta;21:10:00;MG;40;524.1;CONTAGEM;Defeito na via;Danos Eventuais;Sem Vtimas;Plena noite;Crescente;Nublado;Dupla;Curva;Rural;2007;1;1;1;1;1;1;1;1
176413;16/01/2007;Sbado;19:30:00;RJ;393;176;TRES RIOS;Outras;Capotamento;Sem Vtimas;Plena noite;Crescente;Ceu Claro;Simples;Cruzamento;Urbano;2007;1;1;1;1;1;1;1;1
176414;17/01/2007;Domingo;19:00:00;CE;20;18.3;FORTALEZA;Outras;Atropelamento de pessoa;Com Vtimas Feridas;Pleno dia;Crescente;Chuva;Dupla;Curva;Urbano;2007;2;1;1;1;1;1;1;1
176416;17/01/2007;Domingo;19:00:00;GO;20;161.5;ALVORADA DO NORTE;Falta de ateno;Coliso lateral;Sem Vtimas;Pleno dia;Crescente;Nublado;Simples;Reta;Rural;2007;4;1;1;1;4;1;1;2
176417;14/01/2007;Quinta;17:20:00;SP;116;545.5;BARRA DO TURVO;Outras;Sada de Pista;Sem Vtimas;Pleno dia;Crescente;Chuva;Simples;Curva;Rural;2007;1;1;1;1;1;1;1;1
176418;17/01/2007;Domingo;16:30:00;AP;210;1;MACAPA;Falta de ateno;Coliso Transversal;Com Vtimas Feridas;Amanhecer;Crescente;Ceu Claro;Simples;Curva;Urbano;2007;4;1;1;2;2;1;2;2
176419;13/01/2007;Quarta;21:15:00;MG;40;524.1;CONTAGEM;Defeito na via;Danos Eventuais;Sem Vtimas;Plena noite;Crescente;Chuva;Dupla;Curva;Rural;2007;1;1;1;1;1;1;1;1
176421;13/01/2007;Quarta;19:30:00;PE;232;85.5;GRAVATA;Falta de ateno;Coliso traseira;Sem Vtimas;Pleno dia;Crescente;Ceu Claro;Dupla;Reta;Rural;2007;2;1;1;1;2;1;1;2
176422;13/01/2007;Quarta;18:00:00;RJ;116;226;PIRAI;Outras;Sada de Pista;Sem Vtimas;Pleno dia;Decrescente;Chuva;Simples;Curva;Rural;2007;1;1;1;1;1;1;1;1
176423;17/01/2007;Domingo;15:00:00;GO;158;82.5;PIRANHAS;Dormindo;Sada de Pista;Com Vtimas Feridas;Plena noite;Decrescente;Nublado;Simples;Reta;Rural;2007;2;1;1;1;1;1;2;1
176426;17/01/2007;Domingo;19:45:00;SC;101;226.1;PALHOCA;Falta de ateno;Coliso lateral;Com Vtimas Fatais;Pleno dia;Crescente;Ceu Claro;Simples;Reta;Urbano;2007;4;1;1;1;2;1;1;3
176428;17/01/2007;Domingo;18:45:00;SP;116;545.6;BARRA DO TURVO;Outras;Coliso com objeto fixo;Com Vtimas Feridas;Pleno dia;Crescente;Chuva;Dupla;Curva;Rural;2007;3;1;2;1;1;1;3;1
176429;16/01/2007;Sbado;16:00:00;PI;230;314;FLORIANO;Outras;Coliso com bicicleta;Com Vtimas Feridas;Pleno dia;Decrescente;Chuva;Simples;Reta;Urbano;2007;2;1;2;1;1;1;2;2
176430;14/01/2007;Quinta;18:00:00;SP;116;556;BARRA DO TURVO;Outras;Coliso traseira;Sem Vtimas;Pleno dia;Decrescente;Chuva;Simples;Reta;Rural;2007;2;1;1;1;2;1;1;2
176431;11/01/2007;Segunda;13:10:00;MG;40;527;CONTAGEM;Outras;Coliso com objeto fixo;Com Vtimas Feridas;Amanhecer;Crescente;Chuva;Mltipla;Curva;Rural;2007;3;1;2;1;1;1;2;1
176434;17/01/2007;Domingo;10:45:00;SC;470;33.4;GASPAR;Falta de ateno;Coliso Transversal;Sem Vtimas;Pleno dia;Crescente;Nublado;Simples;Reta;Urbano;2007;2;1;1;1;2;1;1;2
176437;17/01/2007;Domingo;19:30:00;MG;267;17;LEOPOLDINA;No guardar distncia de segurana;Coliso traseira;Sem Vtimas;Pleno dia;Decrescente;Nublado;Simples;Reta;Rural;2007;2;1;1;1;2;1;1;2
176438;17/01/2007;Domingo;17:37:00;SP;116;168;JACAREI;Dormindo;Coliso traseira;Sem Vtimas;Amanhecer;Decrescente;Ceu Claro;Dupla;Reta;Rural;2007;2;1;1;1;2;1;1;2
176439;17/01/2007;Domingo;16:30:00;PE;408;101.8;SAO LOURENCO DA MATA;Falta de ateno;Coliso traseira;Sem Vtimas;Pleno dia;Crescente;Ceu Claro;Simples;Reta;Rural;2007;3;1;1;1;2;1;1;3
176440;17/01/2007;Domingo;18:00:00;SC;470;150;AGRONOMICA;Falta de ateno;Coliso lateral;Sem Vtimas;Pleno dia;Crescente;Ceu Claro;Simples;Reta;Rural;2007;2;1;1;1;2;1;1;2
176441;17/01/2007;Domingo;11:00:00;SC;101;120.4;ITAJAI;Falta de ateno;Coliso lateral;Sem Vtimas;Pleno dia;Decrescente;Sol;Dupla;Reta;Urbano;2007;2;1;1;1;2;1;1;2
176442;12/01/2007;Tera;12:50:00;MG;381;481;BETIM;Falta de ateno;Coliso lateral;Sem Vtimas;Pleno dia;Crescente;Nublado;Dupla;Reta;Urbano;2007;2;1;1;1;2;1;1;2
176444;17/01/2007;Domingo;11:00:00;SC;101;221.8;PALHOCA;Falta de ateno;Coliso traseira;Sem Vtimas;Pleno dia;Crescente;Nublado;Simples;Reta;Urbano;2007;2;1;1;1;2;1;1;2
176445;17/01/2007;Domingo;11:00:00;ES;101;66.8;SAO MATEUS;Falta de ateno;Coliso Transversal;Sem Vtimas;Pleno dia;Decrescente;Ceu Claro;Mltipla;Reta;Urbano;2007;2;1;1;1;2;1;1;2
176446;17/01/2007;Domingo;11:58:00;SC;101;63;ARAQUARI;Outras;Sada de Pista;Sem Vtimas;Pleno dia;Crescente;Chuva;Dupla;Reta;Rural;2007;1;1;1;1;1;1;1;1
176447;17/01/2007;Domingo;12:30:00;PR;376;633.9;SAO JOSE DOS PINHAIS;Falta de ateno;Coliso traseira;Sem Vtimas;Pleno dia;Decrescente;Nublado;Dupla;Reta;Urbano;2007;3;1;1;1;3;1;1;3
176449;12/01/2007;Tera;15:40:00;GO;20;151.4;ALVORADA DO NORTE;Outras;Sada de Pista;Sem Vtimas;Amanhecer;Crescente;Nublado;Simples;Reta;Rural;2007;1;1;1;1;1;1;1;1
176450;17/01/2007;Domingo;19:00:00;RJ;493;20.8;MAGE;No guardar distncia de segurana;Coliso traseira;Com Vtimas Feridas;Pleno dia;Crescente;Ceu Claro;Simples;Reta;Urbano;2007;5;1;3;1;2;1;3;2
176451;17/01/2007;Domingo;18:00:00;MG;50;53;ARAGUARI;Outras;Coliso Transversal;Com Vtimas Feridas;Pleno dia;Decrescente;Chuva;Simples;Curva;Rural;2007;4;1;3;1;1;1;3;2
176452;17/01/2007;Domingo;18:00:00;MG;153;167.5;COMENDADOR GOMES;Outras;Capotamento;Com Vtimas Feridas;Pleno dia;Decrescente;Chuva;Simples;Reta;Rural;2007;4;1;1;1;2;1;2;1
176453;17/01/2007;Domingo;17:20:00;SC;101;198.7;BIGUACU;Velocidade incompatvel;Coliso com objeto fixo;Com Vtimas Feridas;Pleno dia;Crescente;Sol;Dupla;Reta;Urbano;2007;4;1;2;1;1;1;3;1
176454;12/01/2007;Tera;18:00:00;MG;381;442;BELO HORIZONTE;Outras;Coliso frontal;Com Vtimas Feridas;Pleno dia;Crescente;Ceu Claro;Simples;Reta;Urbano;2007;2;1;1;1;1;1;1;2
176455;17/01/2007;Domingo;11:20:00;PA;316;12;MARITUBA;Outras;Coliso lateral;Com Vtimas Feridas;Pleno dia;Decrescente;Ceu Claro;Dupla;Reta;Urbano;2007;2;1;1;1;1;1;1;2
176457;14/01/2007;Quinta;16:30:00;MG;381;931;EXTREMA;Outras;Capotamento;Com Vtimas Feridas;Amanhecer;Decrescente;Chuva;Dupla;Reta;Rural;2007;1;1;1;1;1;1;1;1
176458;17/01/2007;Domingo;10:00:00;PB;230;127;MASSARANDUBA;No guardar distncia de segurana;Coliso lateral;Com Vtimas Feridas;Pleno dia;Decrescente;Sol;Dupla;Reta;Rural;2007;1;1;1;1;1;1;1;1
176460;17/01/2007;Domingo;17:30:00;MG;116;275.8;TEOFILO OTONI;Animais na Pista;Atropelamento de animal;Sem Vtimas;Pleno dia;Crescente;Nublado;Simples;Reta;Urbano;2007;1;1;1;1;1;1;1;1
176461;17/01/2007;Domingo;12:00:00;MG;50;71.9;UBERLANDIA;Falta de ateno;Coliso Transversal;Com Vtimas Feridas;Pleno dia;Decrescente;Nublado;Dupla;Reta;Urbano;2007;2;1;1;1;1;1;1;2
176462;15/01/2007;Sexta;15:15:00;RS;116;263.4;CANOAS;Falta de ateno;Coliso com objeto fixo;Sem Vtimas;Plena noite;Decrescente;Chuva;Mltipla;Reta;Urbano;2007;2;1;1;1;1;1;1;2
176463;17/01/2007;Domingo;11:30:00;MG;381;692.3;LAVRAS;Outras;Coliso com objeto fixo;Sem Vtimas;Pleno dia;Decrescente;Nublado;Dupla;Reta;Rural;2007;1;1;1;1;1;1;1;1
176464;14/01/2007;Quinta;11:00:00;MG;381;154.4;GOVERNADOR VALADARES;Falta de ateno;Coliso Transversal;Sem Vtimas;Pleno dia;Crescente;Sol;Simples;Reta;Rural;2007;2;1;1;1;2;1;1;2
176465;17/01/2007;Domingo;13:50:00;RJ;116;313;ITATIAIA;Outras;Atropelamento de animal;Sem Vtimas;Pleno dia;Decrescente;Ceu Claro;Dupla;Reta;Urbano;2007;1;1;1;1;1;1;1;1
176467;14/01/2007;Quinta;10:10:00;RJ;116;332.9;RESENDE;Outras;Coliso traseira;Sem Vtimas;Plena noite;Decrescente;Chuva;Dupla;Reta;Urbano;2007;2;1;1;1;1;1;1;2
176468;17/01/2007;Domingo;14:15:00;RS;116;184.7;NOVA PETROPOLIS;Falta de ateno;Sada de Pista;Com Vtimas Feridas;Pleno dia;Decrescente;Sol;Simples;Curva;Urbano;2007;1;1;1;1;1;1;1;1
176469;17/01/2007;Domingo;12:20:00;MA;135;8.7;SAO LUIS;Velocidade incompatvel;Capotamento;Sem Vtimas;Pleno dia;Decrescente;Chuva;Dupla;Reta;Rural;2007;1;1;1;1;1;1;1;1